STORE NAME,LICENSE ID,ACCOUNT NUMBER,SQUARE FEET,BUFFER SIZE,ADDRESS,ZIP CODE,COMMUNITY AREA NAME,COMMUNITY AREA,WARD,CENSUS TRACT,CENSUS BLOCK,X COORDINATE,Y COORDINATE,LATITUDE,LONGITUDE,LOCATION
Bob'S Liquors & Groceries,957.0,86492.0,10001.0,A,5069 W Madison St,60644,Austin,25,28,17031252201,170312522011000.0,1142425.326543121,1899505.1138985376,41.8802960895,-87.7524941982,"(41.8802960895, -87.7524941982)"
Quick Stop Food Mart,39791.0,3604.0,3000.0,B,2751 W Pratt Blvd,60645,West Ridge,2,50,17031020601,170310206011001.0,1156542.5273663977,1944958.748255934,42.0047500731,-87.6994227766,"(42.0047500731, -87.6994227766)"
Dominick'S #147/1147,41674.0,5033.0,68000.0,A,1340 S Canal St,60607,Near West Side,28,2,17031841900,170318419002092.0,1173296.1226284578,1893985.7049883392,41.8645211937,-87.6393040996,"(41.8645211937, -87.6393040996)"
Cermak Produce,1515206.0,279468.0,25000.0,A,5220 S Pulaski Rd,60632,West Elsdon,62,23,17031620200,170316202001000.0,1150549.397872218,1869568.6744565165,41.79799187,-87.7234437408,"(41.79799187, -87.7234437408)"
Whole Foods Market,54059.0,86298.0,4501.0,B,3300 N Ashland Ave,60657,Lake View,6,44,17031062500,170310625001000.0,1165027.7966924468,1921997.1068875587,41.9415658578,-87.6688604029,"(41.9415658578, -87.6688604029)"
Patel Bros,25338.0,88729.0,5000.0,B,2610 W Devon Ave,60659,West Ridge,2,50,17031020602,170310206023013.0,1157695.3668656345,1942415.3164009475,41.9977473006,-87.6952511581,"(41.9977473006, -87.6952511581)"
Ohio Food Mart,1225367.0,243092.0,3500.0,B,5345 W Ohio St,60644,Austin,25,37,17031251500,170312515002004.0,1140427.8862632848,1903410.3057540525,41.8910492873,-87.7597328373,"(41.8910492873, -87.7597328373)"
Joe'S Food & Liquor,822.0,154.0,3500.0,B,3626 W Lawrence Ave,60625,Albany Park,14,39,17031140301,170311403011011.0,1151203.158881069,1931689.4793308757,41.968445246,-87.7194165758,"(41.968445246, -87.7194165758)"
Two Blue Foods Inc,66710.0,20549.0,3000.0,B,702 E 100Th Pl,60628,Pullman,50,8,17031500100,170315001004015.0,1183074.9839932893,1838632.1930885287,41.712403787,-87.6051275894,"(41.712403787, -87.6051275894)"
Jewel Food Store #3349,1353385.0,259.0,64285.0,A,2520 N Narragansett Ave,60639,Belmont Cragin,19,36,17031831500,170318315001045.0,1133277.021480193,1916208.365371669,41.9262969563,-87.785694824,"(41.9262969563, -87.785694824)"
200 Liquors,48663.0,17055.0,5000.0,B,204 E 47Th St,60653,Grand Boulevard,38,3,17031381500,170313815001007.0,1178461.6344048942,1873949.3843109088,41.8094238941,-87.620951802,"(41.8094238941, -87.620951802)"
Carniceria La Gloria,1471030.0,271545.0,6500.0,B,2551 W 51St St,60632,Gage Park,63,14,17031630500,170316305001004.0,1160008.901705246,1870722.7071781063,41.8009692763,-87.6887220987,"(41.8009692763, -87.6887220987)"
Whole Foods Market,1678043.0,86298.0,11310.0,A,1101 S Canal St,60607,Near West Side,28,2,17031841900,170318419002074.0,1173339.1358198426,1895578.0371911677,41.8688897111,-87.6390989281,"(41.8688897111, -87.6390989281)"
Peterson Food Mart,1272746.0,251347.0,2500.0,B,2534 W Peterson Ave,60659,West Ridge,2,50,17031020802,170310208021019.0,1158181.489637414,1939808.8920842027,41.9905852147,-87.6935345218,"(41.9905852147, -87.6935345218)"
Stanley'S,15042.0,6609.0,10001.0,A,1558 N Elston Ave,60622,West Town,24,32,17031842300,170318423001025.0,1166918.6504769705,1910717.9026233568,41.9105746696,-87.6622352294,"(41.9105746696, -87.6622352294)"
Food 4 Less,1884255.0,251246.0,58000.0,A,4821 W North Ave,60639,Austin,25,37,17031250800,170312508001000.0,1143859.6919038594,1910159.1206884224,41.9095051477,-87.7469599363,"(41.9095051477, -87.7469599363)"
Commercial Grocery,56894.0,23932.0,2500.0,B,3004 E 100Th St,60617,South Deering,51,10,17031510100,170315101002007.0,1197923.0118507417,1839161.152565691,41.7134978435,-87.5507331066,"(41.7134978435, -87.5507331066)"
Jewel Food Store,1953613.0,259.0,62603.0,A,11730 S Marshfield Ave,60643,Morgan Park,75,34,17031750500,170317505004003.0,1167478.1619907953,1826818.2701945968,41.6803322053,-87.6625846787,"(41.6803322053, -87.6625846787)"
"La Unica Food Mart, Inc.",491.0,90.0,5000.0,B,1515 W Devon Ave,60660,Edgewater,77,40,17031030200,170310302004002.0,1164985.8850150076,1942560.4934320904,41.9979934597,-87.6684278857,"(41.9979934597, -87.6684278857)"
Mid Town Foods,39968.0,15264.0,3520.0,B,3855 W Division St,60651,Humboldt Park,23,27,17031231200,170312312004002.0,1150230.934098818,1907681.3047955951,41.9025838739,-87.7236192485,"(41.9025838739, -87.7236192485)"
"7400 S Halsted Food And Liquors, Inc.",980.0,186.0,10001.0,A,7400 S Halsted St,60621,Englewood,68,17,17031681300,170316813003005.0,1172208.8098604858,1855768.9165432695,41.7596745819,-87.6444202389,"(41.7596745819, -87.6444202389)"
Three Brother,6321.0,62766.0,10001.0,A,900 N Francisco Ave,60622,West Town,24,26,17031242700,170312427001004.0,1156842.0502440669,1906097.6996694184,41.8981068159,-87.6993783779,"(41.8981068159, -87.6993783779)"
Cuenca'S Bakery & Groceries,1619464.0,292181.0,4500.0,B,4229 W Montrose Ave,60641,Irving Park,16,38,17031160300,170311603003002.0,1147271.2214136072,1928863.7077261591,41.9607675196,-87.7339469271,"(41.9607675196, -87.7339469271)"
Jewel Food Stores #3262,1409.0,259.0,35000.0,A,4660 W Irving Park Rd,60641,Portage Park,15,45,17031831700,170318317001021.0,1144267.9933805217,1926214.300471872,41.9535544384,-87.7450553112,"(41.9535544384, -87.7450553112)"
Roman Bros 1 Inc,11900.0,5925.0,10001.0,A,6978 N Clark St,60626,Rogers Park,1,49,17031010702,170310107022004.0,1163418.9267608444,1946507.1666877328,42.0088564722,-87.674080374,"(42.0088564722, -87.674080374)"
Tai Nam Corporation,34508.0,88874.0,10001.0,A,4925 N Broadway,60640,Uptown,3,48,17031031200,170310312002004.0,1167456.9338636997,1933184.8910509632,41.972213557,-87.6596091001,"(41.972213557, -87.6596091001)"
La Jaliscience,4749.0,23661.0,3000.0,B,3239 W 26Th St,60623,South Lawndale,30,22,17031840800,170318408001002.0,1155046.9425476384,1886508.4249456285,41.8443879922,-87.7064970959,"(41.8443879922, -87.7064970959)"
Hollywood Tower Mkt,1858.0,62539.0,3000.0,B,5701 N Sheridan Rd,60660,Edgewater,77,48,17031030604,170310306042001.0,1168645.9152298884,1938086.668967148,41.985638421,-87.6550943233,"(41.985638421, -87.6550943233)"
A & R Food Mart,1954411.0,340750.0,3500.0,B,5952 W Grand Ave,60639,Belmont Cragin,19,37,17031191302,170311913021018.0,1136148.464557395,1914149.526732603,41.9205964582,-87.7751926809,"(41.9205964582, -87.7751926809)"
S. S. Food & Liquor,1476109.0,272992.0,2703.0,B,2427 N Clark St,60614,Lincoln Park,7,43,17031070101,170310701012002.0,1172706.707831624,1916520.7436412969,41.9263716974,-87.6408000783,"(41.9263716974, -87.6408000783)"
S L Pantry & Grill,2013420.0,17935.0,2600.0,B,4759 N Sheridan Rd,60640,Uptown,3,46,17031031501,170310315012001.0,1168808.076144931,1932041.4567324752,41.9690466747,-87.654674059,"(41.9690466747, -87.654674059)"
Andys Fruit Ranch,1275209.0,3868.0,15000.0,A,4733 N Kedzie Ave,60625,Albany Park,14,33,17031140800,170311408005008.0,1154227.4639737108,1931413.9453359076,41.9676291597,-87.7083036873,"(41.9676291597, -87.7083036873)"
Dominick'S #1875,1273445.0,5033.0,39000.0,A,1 N Halsted St,60661,Near West Side,28,27,17031280100,170312801001038.0,1171090.9679868314,1900270.4540166913,41.8818156316,-87.647214717,"(41.8818156316, -87.647214717)"
Save-A-Lot # 866,1299911.0,216203.0,,A,3939 W Ogden Ave,60623,North Lawndale,29,22,17031843400,170318000000000.0,1150300.621,1888988.907,41.85128849,-87.72385084,"(41.85128849, -87.72385084)"
W K R B Food & Liquor,25165.0,10242.0,4340.0,B,9361 S Cottage Grove Ave,60619,Chatham,44,8,17031440800,170314408002017.0,1183247.9273338134,1842808.58250396,41.7238602893,-87.6043647208,"(41.7238602893, -87.6043647208)"
Osama Food Mart,2031620.0,352625.0,2800.0,B,615 E 67Th St,60637,Woodlawn,42,20,17031421200,170314212001005.0,1181566.4243909956,1860686.2640671933,41.7729575221,-87.6099733981,"(41.7729575221, -87.6099733981)"
El  Paseo  Boricua,1301216.0,254645.0,3000.0,B,2706 W Division St,60622,West Town,24,26,17031242600,170312426001013.0,1158083.1371978272,1907909.8300203527,41.9030542001,-87.6947704208,"(41.9030542001, -87.6947704208)"
Food Basket,1682475.0,291625.0,2500.0,B,7205 S Halsted St,60621,Englewood,68,17,17031681300,170316813001006.0,1172254.5642532066,1857047.1455825805,41.763181195,-87.644215021,"(41.763181195, -87.644215021)"
Shop & Save Market,1991275.0,338404.0,63426.0,A,5829 S Archer Ave,60638,Garfield Ridge,56,23,17031560700,170315607002039.0,1140672.648412313,1868781.9760705472,41.7960196245,-87.7596833672,"(41.7960196245, -87.7596833672)"
Genes Sausage Shop At Deli Meyer,1922145.0,335302.0,6000.0,B,4746 N Lincoln Ave,60625,Lincoln Square,4,47,17031040600,170310406003004.0,1159702.0574422998,1931499.8965466437,41.9677536575,-87.6881717161,"(41.9677536575, -87.6881717161)"
Aldi Inc. #96,1868821.0,5273.0,16117.0,A,821 W 115Th St,60643,West Pullman,53,34,17031530300,170315303001000.0,1172808.5237505026,1828547.0195798825,41.6849606404,-87.6430223096,"(41.6849606404, -87.6430223096)"
Super Furniture & Food Mart,2060727.0,357170.0,4000.0,B,5257 S Ashland Ave,60609,New City,61,16,17031611900,170316119001005.0,1166612.1687413086,1869626.4543659552,41.7978225881,-87.6645368783,"(41.7978225881, -87.6645368783)"
Aldi Foods Store #2,14004.0,5273.0,15600.0,A,4645 W Diversey Ave,60639,Hermosa,20,31,17031190900,170311909001000.0,1144687.3239847084,1918165.8803331624,41.9314609382,-87.743717307,"(41.9314609382, -87.743717307)"
Los Potrillos,1650212.0,299177.0,7000.0,B,3624 W Belmont Ave,60618,Avondale,21,35,17031831100,170318311004023.0,1151517.7233741966,1921074.0369519016,41.939309516,-87.7185399405,"(41.939309516, -87.7185399405)"
Mayflower Food,1168793.0,17975.0,6000.0,B,2104 S Archer Ave,60616,Armour Square,34,25,17031841100,170318411001021.0,1175264.5918291442,1890264.227542948,41.8542653039,-87.6321895068,"(41.8542653039, -87.6321895068)"
Municipal Foods,1478386.0,273724.0,9980.0,B,2559 W Division St,60622,West Town,24,26,17031242500,170312425001002.0,1158868.1815303229,1907844.6373137871,41.9028592342,-87.6918885843,"(41.9028592342, -87.6918885843)"
Supermercado Tepecoa Guerrero,1493584.0,277252.0,3500.0,B,3629 W 63Rd St,60629,West Lawn,65,13,17031650302,170316503021002.0,1153106.483285793,1862551.204288836,41.7786847162,-87.7142516633,"(41.7786847162, -87.7142516633)"
Aldi Inc Store #16,1226990.0,5273.0,20848.0,A,1246 E 87Th St,60619,Avalon Park,45,8,17031834300,170318343005004.0,1186130.2220096055,1847590.6523845491,41.736915346,-87.5936566218,"(41.736915346, -87.5936566218)"
Aldi Foods Store #26,13998.0,5273.0,15540.0,A,2600 N Clybourn Ave,60614,Lincoln Park,7,32,17031070700,170310707002008.0,1163612.486268729,1917295.7316659729,41.9286950012,-87.6741950831,"(41.9286950012, -87.6741950831)"
Kaps Foods,57817.0,18562.0,4100.0,B,3557 S California Ave,60632,Brighton Park,58,12,17031580100,170315801001006.0,1158326.4831652388,1880700.349331315,41.8283836447,-87.69462017,"(41.8283836447, -87.69462017)"
Sanabel Grocery & Bakery,2009055.0,349374.0,6200.0,B,4213 N Kedzie Ave,60618,Irving Park,16,33,17031160601,170311606011005.0,1154336.8155672683,1927899.6055758535,41.9579834025,-87.7079959151,"(41.9579834025, -87.7079959151)"
Alla'S Food,1068956.0,204849.0,3500.0,B,2024 E 93Rd St,60617,Calumet Heights,48,8,17031480400,170314804004023.0,1191449.6829125532,1843746.8043554707,41.7262403487,-87.5742922611,"(41.7262403487, -87.5742922611)"
Al Bayan Grocery Inc.,1542202.0,282078.0,2500.0,B,3134 N Narragansett Ave,60634,Belmont Cragin,19,36,17031831500,170318315001015.0,1133152.9704370175,1920313.7029264064,41.9375646502,-87.7860543686,"(41.9375646502, -87.7860543686)"
Gene'S Sausage Shop & Deli Inc,1876.0,371.0,5000.0,B,5330 W Belmont Ave,60641,Portage Park,15,38,17031151100,170311511002015.0,1140128.163542057,1920795.5982101425,41.9387619658,-87.7604070714,"(41.9387619658, -87.7604070714)"
Rigo'S Grocery,1144306.0,215370.0,2500.0,B,2858 S Lawndale Ave,60623,South Lawndale,30,22,17031301702,170313017023004.0,1152136.5843694103,1884500.8487286288,41.8389367453,-87.7172305546,"(41.8389367453, -87.7172305546)"
Walmart,,,,A,10900 S Doty Ave W,60628,Pullman,50,9,17031500200,170315000000000.0,1185444.674,1832788.876,41.69631368,-87.59663224,"(41.69631368, -87.59663224)"
Chicago Produce,1865.0,368.0,13500.0,A,3500 W Lawrence Ave,60625,Albany Park,14,39,17031140200,170311402003015.0,1152167.1785534604,1931711.0302956756,41.9684853733,-87.7158713295,"(41.9684853733, -87.7158713295)"
Dia Food & Liquor,41854.0,16133.0,4500.0,B,1478 W 115Th St,60643,Morgan Park,75,34,17031750600,170317506004046.0,1168245.9445753116,1828509.1381748824,41.6849557984,-87.659725829,"(41.6849557984, -87.659725829)"
"Park Foods Of 71St Street,Inc.",1677517.0,300221.0,3500.0,B,2612 W 71St St,60629,Chicago Lawn,66,18,17031660900,170316609003037.0,1160100.0534328348,1857512.6366215143,41.7647171389,-87.6887509815,"(41.7647171389, -87.6887509815)"
Pete'S Produce,1476553.0,273114.0,5000.0,B,1543 E 87Th St,60619,Calumet Heights,48,8,17031480200,170314802001001.0,1188145.96280003,1847564.3740451965,41.7367954576,-87.5862725091,"(41.7367954576, -87.5862725091)"
Hareer Food & Liquor,52337.0,17625.0,2500.0,B,5452 S Halsted St,60609,New City,61,20,17031612100,170316121001043.0,1171863.4145093353,1868478.62879514,41.7945591033,-87.6453134277,"(41.7945591033, -87.6453134277)"
Trader Joe'S East,1592120.0,211718.0,10615.0,A,44 E Ontario St,60611,Near North Side,8,42,17031081500,170310815002008.0,1176714.0993905573,1904540.636681799,41.8934080204,-87.6264377426,"(41.8934080204, -87.6264377426)"
Emilio'S Produce,1675623.0,298914.0,2500.0,B,2294 N Milwaukee Ave,60647,Logan Square,22,1,17031221400,170312214002002.0,1157396.7805960944,1915026.7030165389,41.9225974657,-87.6970976291,"(41.9225974657, -87.6970976291)"
"Grand Palace Supermarket, Inc",49648.0,17200.0,3000.0,B,7131 S State St,60619,Greater Grand Crossing,69,6,17031691000,170316910004006.0,1177563.5802857797,1857597.705730094,41.7645736329,-87.6247399651,"(41.7645736329, -87.6247399651)"
Aldi #70,1997726.0,5273.0,18263.0,A,7627 S Ashland Ave,60620,Auburn Gresham,71,17,17031710300,170317103001013.0,1167042.6177087335,1854021.322837469,41.7549909175,-87.6634041558,"(41.7549909175, -87.6634041558)"
Super Mercado La Chiquita,6054.0,3546.0,9500.0,B,3555 W 26Th St,60623,South Lawndale,30,22,17031301600,170313016001005.0,1152851.9808610491,1886452.834176341,41.8442791237,-87.7145537663,"(41.8442791237, -87.7145537663)"
Aldi'S # 26,1821323.0,5273.0,16550.0,A,10532 S Indianapolis Ave,60617,East Side,52,10,17031520100,170315201001079.0,1204788.0634884294,1835640.291921612,41.7036623609,-87.5257124268,"(41.7036623609, -87.5257124268)"
Carniceria Ricardo,35191.0,15006.0,5000.0,B,4419 W Diversey Ave,60639,Hermosa,20,31,17031200200,170312002004000.0,1146359.156186549,1918206.5211457592,41.9315407469,-87.7375725127,"(41.9315407469, -87.7375725127)"
Lindo Michoacan,42744.0,86194.0,8600.0,B,3142 W Lawrence Ave,60625,Albany Park,14,33,17031140100,170311401002004.0,1154365.2769392603,1931758.8257039753,41.9685727721,-87.7077877013,"(41.9685727721, -87.7077877013)"
"Super Food & Liquors, Inc.",40429.0,15748.0,4000.0,B,1049 W Bryn Mawr Ave,60660,Edgewater,77,48,17031030701,170310307011001.0,1168094.0029169165,1937326.2962504616,41.983563915,-87.657146291,"(41.983563915, -87.657146291)"
Nayab Mart,1444872.0,269649.0,3125.0,B,2449 W Devon Ave,60659,West Ridge,2,50,17031020802,170310208024001.0,1158623.8724358284,1942364.6103797632,41.9975891244,-87.6918369148,"(41.9975891244, -87.6918369148)"
Edgewater Produce,16765.0,6928.0,7400.0,B,5509 N Clark St,60640,Edgewater,77,48,17031030800,170310308001010.0,1165060.267758244,1936722.1790277204,41.981971377,-87.6683210323,"(41.981971377, -87.6683210323)"
Jewel Food Store #3224,1144401.0,259.0,29299.0,A,6430 W Irving Park Rd,60634,Dunning,17,38,17031170100,170311701001008.0,1132667.4509821113,1925939.2398312732,41.9530102332,-87.7877071626,"(41.9530102332, -87.7877071626)"
Los Sauces Grocery,1223250.0,230035.0,2800.0,B,5852 W Diversey Ave,60639,Belmont Cragin,19,30,17031190402,170311904022037.0,1136654.0460147965,1918049.070447328,41.9312882001,-87.7732414533,"(41.9312882001, -87.7732414533)"
The Warehouse,1843355.0,315225.0,6000.0,B,538 W 119Th St,60628,West Pullman,53,34,17031530200,170315302003018.0,1174692.3796975152,1826020.5579884509,41.6779860017,-87.6362008551,"(41.6779860017, -87.6362008551)"
Arista Foods,1473367.0,271891.0,10000.0,A,112 N May St,60607,Near West Side,28,27,17031833000,170318330002084.0,1168768.8265869268,1900830.15581926,41.8834021216,-87.6557252931,"(41.8834021216, -87.6557252931)"
Morse Food And Meat Market,1518304.0,280735.0,17000.0,A,1430 W Morse Ave,60626,Rogers Park,1,49,17031010600,170310106004012.0,1165298.3233714858,1946207.7407221363,42.0079949199,-87.6671741467,"(42.0079949199, -87.6671741467)"
"Calabria Imports, Inc.",1357606.0,264103.0,3100.0,B,1905 W 103Rd St,60643,Beverly,72,19,17031720700,170317207001004.0,1165555.2824921713,1836329.4332021056,41.7064733245,-87.6693549885,"(41.7064733245, -87.6693549885)"
Kol Tuv Kosher Foods Inc,12952.0,6158.0,3000.0,B,2938 W Devon Ave,60659,West Ridge,2,50,17031020601,170310206012018.0,1155422.8971575014,1942345.2798729455,41.9976012808,-87.7036126719,"(41.9976012808, -87.7036126719)"
Aldi Inc # 62,13984.0,5273.0,12646.0,A,6220 N California Ave,60659,West Ridge,2,50,17031020702,170310207022006.0,1156498.0657624612,1941267.105109447,41.9946209588,-87.6996868624,"(41.9946209588, -87.6996868624)"
Jewel Food  Store # 3345,1142451.0,259.0,60271.0,A,1224 S Wabash Ave,60605,Near South Side,33,2,17031330100,170313301001004.0,1176924.0045922934,1894818.1979320475,41.8667243541,-87.6259611484,"(41.8667243541, -87.6259611484)"
Washington Grocery,6249.0,23967.0,4200.0,B,4139 W Fifth Ave,60624,West Garfield Park,26,24,17031261000,170312610002013.0,1148829.3509590852,1896476.4008109143,41.8718636117,-87.7290573726,"(41.8718636117, -87.7290573726)"
Walgreens #232,18449.0,147.0,,A,3405 S Dr Martin Luther King Jr Dr,60616,Douglas,35,4,17031351000,170314000000000.0,1179511.815,1882412.902,41.8326245,-87.6168411,"(41.8326245, -87.6168411)"
Fairway Food,2031993.0,352796.0,3000.0,B,2900 E 79Th St,60649,South Shore,43,7,17031431301,170314313011010.0,1196899.785259481,1853184.8169503284,41.7520053919,-87.5540154169,"(41.7520053919, -87.5540154169)"
Fresh Market Place,1382145.0,266140.0,20000.0,A,2600 N Central Ave,60639,Belmont Cragin,19,30,17031190602,170311906022018.0,1138560.7434555728,1916734.9356128592,41.9276476796,-87.7662665211,"(41.9276476796, -87.7662665211)"
The Fish Keg Inc,4908.0,3299.0,4000.0,B,2233 W Howard St,60645,West Ridge,2,49,17031020100,170310201002001.0,1160144.8366672578,1950322.6250022345,42.0193947424,-87.6860204976,"(42.0193947424, -87.6860204976)"
Nance Food Mart,4756.0,3277.0,4500.0,B,10935 S Wentworth Ave,60628,Roseland,49,34,17031491000,170314910002007.0,1176930.5763119936,1832294.683255661,41.6951531575,-87.6278202407,"(41.6951531575, -87.6278202407)"
Riviera Foods,39650.0,89265.0,3500.0,B,3218 N Harlem Ave,60634,Dunning,17,36,17031170800,170311708001011.0,1127474.9754439709,1920652.266665134,41.9385912816,-87.8069148007,"(41.9385912816, -87.8069148007)"
J K & S Food & Liquor,1000978.0,32337.0,3024.0,B,503 W 59Th St,60621,Englewood,68,20,17031834600,170318346002004.0,1173930.930611391,1865754.8378243763,41.7870390747,-87.6378127282,"(41.7870390747, -87.6378127282)"
K & K Food & Liquor,62092.0,23937.0,4200.0,B,1130 W 51St St,60609,New City,61,16,17031611000,170316110001031.0,1169532.159988125,1871017.4682229415,41.8015768439,-87.6537884728,"(41.8015768439, -87.6537884728)"
William'S Produce,2079521.0,359604.0,6375.0,B,6309 W Grand Ave,60639,Belmont Cragin,19,29,17031191301,170311913013002.0,1133912.4701892291,1914608.0093288645,41.9218942299,-87.78339752,"(41.9218942299, -87.78339752)"
Chatham Food Market,1904290.0,331037.0,4500.0,B,327 E 79Th St,60619,Chatham,44,6,17031440300,170314403002001.0,1179727.9186004675,1852659.2157454104,41.7509726753,-87.6169578802,"(41.7509726753, -87.6169578802)"
Jewel Food Store #3442,1406.0,259.0,29060.0,A,4042 W Foster Ave,60630,North Park,13,39,17031130200,170311302001019.0,1148348.854339515,1934285.340512456,41.9756241124,-87.7298445616,"(41.9756241124, -87.7298445616)"
Cupboard Food & Liquor,7110.0,3758.0,3000.0,B,3260 W 55Th St,60632,Gage Park,63,14,17031630300,170316303002035.0,1155332.318884824,1867998.7006957629,41.7935891795,-87.7059457835,"(41.7935891795, -87.7059457835)"
Paulina Market,1680919.0,301699.0,10000.0,A,3501 N Lincoln Ave,60657,Lake View,6,32,17031831900,,1164057.2158518278,1923333.7106447169,41.9452541584,-87.6723897932,"(41.9452541584, -87.6723897932)"
Carniceria Guanjuato #3,17340.0,63206.0,8800.0,B,1436 N Ashland Ave,60622,West Town,24,1,17031241500,170312415002000.0,1165420.7459043048,1909810.0076175025,41.9081153739,-87.6677638335,"(41.9081153739, -87.6677638335)"
Pete'S Fresh Market,1598145.0,292834.0,50000.0,A,3448 E 118Th St,60617,Hegewisch,55,10,17031550100,170315501005014.0,1201135.133266178,1827369.4192390712,41.6810595555,-87.5393675414,"(41.6810595555, -87.5393675414)"
Whole Foods Market,1678035.0,86298.0,6335.0,B,6020 N Cicero Ave,60646,Forest Glen,12,39,17031120200,170311202004001.0,1143245.243909306,1939669.1376559047,41.9904947718,-87.7484774142,"(41.9904947718, -87.7484774142)"
E.M. Groceries,4863.0,3289.0,4500.0,B,5358 S Carpenter St,60609,New City,61,16,17031612000,170316120002009.0,1170189.6270939496,1869037.3793131495,41.7961289732,-87.6514349028,"(41.7961289732, -87.6514349028)"
Save-A-Lot #860,1196076.0,216203.0,12500.0,A,4439 W 63Rd St,60629,West Lawn,65,13,17031650301,170316503011004.0,1147705.0187589796,1862415.0080575915,41.7784159744,-87.7340575715,"(41.7784159744, -87.7340575715)"
"Latin Grocery & Liquor, Inc",20046.0,8064.0,10001.0,A,3800 W North Ave,60647,Humboldt Park,23,30,17031230400,170312304002014.0,1150799.8597747867,1910405.9395063643,41.9100494194,-87.7214580839,"(41.9100494194, -87.7214580839)"
Athens Grocery,971.0,185.0,2600.0,B,324 S Halsted St,60661,Near West Side,28,27,17031833100,170318331001028.0,1171063.7903605013,1898574.3962069645,41.8771621281,-87.6473642897,"(41.8771621281, -87.6473642897)"
Jewel Food Store #3092,1411.0,259.0,10001.0,A,1655 E 95Th St,60617,South Deering,51,7,17031510300,170315103003000.0,1189107.7842074255,1842276.926905724,41.7222631981,-87.5829176346,"(41.7222631981, -87.5829176346)"
M & J Liquor & Grocery,15168.0,6639.0,2900.0,B,3654 W Lawrence Ave,60625,Albany Park,14,39,17031140301,170311403011010.0,1150913.714836236,1931683.52010555,41.9684345799,-87.7204810114,"(41.9684345799, -87.7204810114)"
Thrifty Food,1045545.0,28478.0,4000.0,B,928 W Wilson Ave,60640,Uptown,3,46,17031031501,170310315013003.0,1169121.3240440846,1930772.46231734,41.9655577007,-87.653559279,"(41.9655577007, -87.653559279)"
Dominick'S # 1100,41629.0,5033.0,10001.0,A,3145 S Ashland Ave,60608,Mckinley Park,59,11,17031840400,170318404001032.0,1166221.8718805332,1883706.5913302056,41.8364683477,-87.6655669021,"(41.8364683477, -87.6655669021)"
Save-A-Lot # 854,1245433.0,216203.0,15000.0,A,7908 S Halsted St,60620,Auburn Gresham,71,17,17031710800,170317108001009.0,1172300.9972507434,1852361.5784177724,41.7503223874,-87.6441824061,"(41.7503223874, -87.6441824061)"
"Carniceria La Gloria No. 2, Inc.",1514813.0,279304.0,7500.0,B,2744 W 55Th St,60632,Gage Park,63,14,17031630500,170316305003017.0,1158820.849155428,1868105.5547353695,41.7938118263,-87.6931506024,"(41.7938118263, -87.6931506024)"
Dominick'S # 113/1113,41633.0,5033.0,10001.0,A,6312 N Nagle Ave,60646,Norwood Park,10,41,17031100200,170311002002001.0,1132586.7487749453,1941599.6411018071,41.9959852861,-87.7876371171,"(41.9959852861, -87.7876371171)"
Strack & Van Til,1798602.0,308026.0,65400.0,A,2627 N Elston Ave,60647,Logan Square,22,1,17031830900,170318309001006.0,1161027.1481183649,1917565.451325267,41.929489274,-87.6836878249,"(41.929489274, -87.6836878249)"
Corcorans Pantry Inc,9412.0,4333.0,4200.0,B,1105 W Bryn Mawr Ave,60660,Edgewater,77,48,17031030701,170310307011003.0,1167789.171372333,1937316.920251187,41.9835447852,-87.6582676725,"(41.9835447852, -87.6582676725)"
Jewel Food Store #3477,1372.0,259.0,17676.0,A,4734 N Cumberland Ave,60656,Ohare,76,36,17031760802,170317608021009.0,1119277.5910081204,1930595.6588696016,41.9660114013,-87.8368311691,"(41.9660114013, -87.8368311691)"
Supermercado El Guero No. 8,20973.0,8662.0,14000.0,A,2101 W Cermak Rd,60608,Lower West Side,31,25,17031841300,170318413001000.0,1162678.1623507629,1889348.682684014,41.8520256918,-87.6784122433,"(41.8520256918, -87.6784122433)"
3600 Commissary,24279.0,9830.0,3800.0,B,3600 N Lake Shore Dr,60613,Lake View,6,46,17031060900,170310609004001.0,1171865.8187503873,1924645.0382131825,41.9486836744,-87.6436497585,"(41.9486836744, -87.6436497585)"
La Cienega Super Food Inc,65173.0,20310.0,10000.0,A,10736 S Ewing Ave,60617,East Side,52,10,17031520300,170315203003000.0,1202148.2918444525,1834213.571786199,41.6998148465,-87.5354268905,"(41.6998148465, -87.5354268905)"
"Morelia Supermarket #2, Inc.",1648410.0,298039.0,12000.0,A,4833 W Diversey Ave,60639,Belmont Cragin,19,31,17031190800,170311908001001.0,1143539.264268055,1918138.099004257,41.931406291,-87.7479369735,"(41.931406291, -87.7479369735)"
Burnham Plaza Mart,2014232.0,350131.0,2950.0,B,828 S Wabash Ave,60605,Loop,32,2,17031320600,170313206002012.0,1176878.787434362,1896537.8458802076,41.8714441963,-87.6260751303,"(41.8714441963, -87.6260751303)"
International Foods Nw Inc,1129.0,215.0,14000.0,A,4404 W Fullerton Ave,60639,Hermosa,20,31,17031200200,170312002003012.0,1146590.1362659945,1915632.373005355,41.9244726356,-87.736789505,"(41.9244726356, -87.736789505)"
Michaels Fresh Market,2043177.0,354856.0,41000.0,A,1300 E 47Th St,60653,Kenwood,39,4,17031390100,170313901001017.0,1185546.3076600826,1874136.304223178,41.8097727266,-87.5949608909,"(41.8097727266, -87.5949608909)"
M & D Variety Store,18355.0,7524.0,4500.0,B,1300 W 111Th St,60643,Morgan Park,75,34,17031750100,170317501004020.0,1169607.666885054,1831203.274607473,41.6923196266,-87.6546632113,"(41.6923196266, -87.6546632113)"
Jewel Food Store #3344,1192905.0,259.0,63407.0,A,1220 S Ashland Ave,60608,Near West Side,28,2,17031842900,170318429004020.0,1165876.7323615912,1894558.4346967393,41.8662541761,-87.6665241401,"(41.8662541761, -87.6665241401)"
Three Stars Liquors,1488855.0,274865.0,4600.0,B,310 N Kostner Ave,60624,West Garfield Park,26,28,17031260400,170312604001012.0,1146960.8395020878,1901550.341997033,41.8858229904,-87.7357878114,"(41.8858229904, -87.7357878114)"
79 Food Basket,1958784.0,341069.0,3000.0,B,1351 W 79Th St,60620,Auburn Gresham,71,21,17031710700,170317107001012.0,1168478.9380996423,1852330.8146064384,41.7503211206,-87.6581890529,"(41.7503211206, -87.6581890529)"
Jewel-Osco #3632,2037181.0,259.0,62349.0,A,3630 N Southport Ave,60613,Lake View,6,44,17031060400,170310604002006.0,1166281.150752959,1924353.2781345488,41.9480045508,-87.6641862307,"(41.9480045508, -87.6641862307)"
Ashland Food And Liquors,11636.0,5463.0,10001.0,A,1554 W 95Th St,60643,Washington Heights,73,21,17031730201,170317302011018.0,1167375.750540768,1841756.3725905512,41.7213269867,-87.6625336585,"(41.7213269867, -87.6625336585)"
Rose-Ridge Foods,1145417.0,216010.0,3000.0,B,10500 S Michigan Ave,60628,Roseland,49,9,17031490902,170314909022043.0,1178820.3146104673,1835321.039701272,41.7034152187,-87.6208096791,"(41.7034152187, -87.6208096791)"
Cottage Grove Food Mart,1898994.0,329883.0,4000.0,B,6307 S Cottage Grove Ave,60637,Woodlawn,42,20,17031420800,170314208001004.0,1182688.79232434,1863317.520917441,41.7801519592,-87.6057775241,"(41.7801519592, -87.6057775241)"
T & Z Meat,1974575.0,343806.0,3000.0,B,3021 N Cicero Ave,60641,Belmont Cragin,19,31,17031190100,170311901001017.0,1143886.9787092437,1919747.4291921416,41.9358159257,-87.7466186972,"(41.9358159257, -87.7466186972)"
"La Loma ""Carniceria Y Taqueria""",49880.0,17241.0,4501.0,B,2535 N Laramie Ave,60639,Belmont Cragin,19,31,17031190800,170311908004009.0,1141327.094421526,1916530.5217087832,41.9270360931,-87.756106183,"(41.9270360931, -87.756106183)"
Carniceria Jimenez #2,48081.0,16943.0,19000.0,A,3850 W Fullerton Ave,60647,Logan Square,22,30,17031220701,170312207013015.0,1150082.915412821,1915713.6676657829,41.9246283205,-87.723953321,"(41.9246283205, -87.723953321)"
Hoa Nom Co,8425.0,62866.0,4200.0,B,1101 W Argyle St,60640,Uptown,3,48,17031031200,170310312002002.0,1167937.142055611,1933534.056018171,41.9731612999,-87.6578331796,"(41.9731612999, -87.6578331796)"
Royla Blue Foods,27007.0,63611.0,2500.0,B,4359 S Campbell Ave,60632,Brighton Park,58,12,17031580700,170315807003013.0,1160464.1704940535,1875452.0040422697,41.8139376802,-87.686922014,"(41.8139376802, -87.686922014)"
Jewel Food Store #3057,1400.0,259.0,21785.0,A,6057 S Western Ave,60636,Chicago Lawn,66,16,17031835000,170318350001001.0,1161455.119872374,1864207.6199238845,41.7830611377,-87.6835988697,"(41.7830611377, -87.6835988697)"
Quintessence,2033012.0,350756.0,3000.0,B,1532 N Pulaski Rd,60651,Humboldt Park,23,30,17031230600,170312306001006.0,1149393.3785912676,1910052.7886349596,41.909107755,-87.7266341469,"(41.909107755, -87.7266341469)"
Cermak Produce,1476654.0,273149.0,29000.0,A,4234 N Kedzie Ave,60618,Irving Park,16,33,17031160501,170311605011009.0,1154249.8718380923,1928122.479929122,41.9585967247,-87.7083095759,"(41.9585967247, -87.7083095759)"
Old World Market,7507.0,3851.0,10001.0,A,5129 N Broadway,60640,Uptown,3,48,17031031200,170310312003004.0,1167423.681053109,1934373.3340121089,41.9754753986,-87.6596970117,"(41.9754753986, -87.6596970117)"
Mehrab Zabiha Meat & Tobacco,1094121.0,207539.0,3000.0,B,2445 W Devon Ave,60659,West Ridge,2,50,17031020802,170310208024001.0,1158669.746633367,1942366.0081807289,41.9975920168,-87.6916681219,"(41.9975920168, -87.6916681219)"
King Food & Liquor,40321.0,2926.0,3750.0,B,6858 S Halsted St,60621,Englewood,68,6,17031681100,170316811001011.0,1172117.4954189106,1859139.650890205,41.7689262968,-87.644655997,"(41.7689262968, -87.644655997)"
Paulina Super Market Inc,4851.0,3286.0,7000.0,B,7622 N Paulina St,60626,Rogers Park,1,49,17031010100,170310101002010.0,1163617.2385781803,1950601.539167988,42.020087315,-87.6732345632,"(42.020087315, -87.6732345632)"
Aldi Foods-Store #27,13986.0,5273.0,12300.0,A,3363 N Milwaukee Ave,60641,Irving Park,16,30,17031161300,170311613002008.0,1148660.976843234,1922173.9514245617,41.9423835134,-87.7290108595,"(41.9423835134, -87.7290108595)"
Aldi Inc Store #62,14006.0,5273.0,9495.0,B,1739 W Cermak Rd,60608,Lower West Side,31,25,17031843200,170318432002043.0,1164949.3459755136,1889411.85236391,41.8521511995,-87.6700746019,"(41.8521511995, -87.6700746019)"
"My Ranch, Inc.",1899688.0,20694.0,8500.0,B,4650 N Sheridan Rd,60640,Uptown,3,46,17031830700,170310315011002.0,1168740.4622678708,1931286.882205532,41.9669775683,-87.6549446417,"(41.9669775683, -87.6549446417)"
Save-A-Lot  #851,1167119.0,216203.0,114100.0,A,10700 S Halsted St,60628,Morgan Park,75,34,17031750100,170317501001000.0,1172839.7694387864,1833862.8472874165,41.6995474147,-87.6427519151,"(41.6995474147, -87.6427519151)"
Mario 'S Butcher Shop Fd Cntr,4248.0,85432.0,10001.0,A,5817 W Madison St,60644,Austin,25,29,17031252101,170312521011003.0,1137524.3342756743,1899380.9512429307,41.8800449808,-87.7704933793,"(41.8800449808, -87.7704933793)"
Bockwinkels,1491357.0,276156.0,7200.0,B,222 N Columbus Dr,60601,Loop,32,42,17031320100,170313201002032.0,1178260.6232739312,1901977.452988831,41.886339416,-87.62083615,"(41.886339416, -87.62083615)"
Supermercado Alex,1772307.0,4076.0,9375.0,B,4134 W 31St St,60623,South Lawndale,30,22,17031301803,170313018032019.0,1149168.2371555965,1883754.7411098608,41.8369472381,-87.7281423632,"(41.8369472381, -87.7281423632)"
Halal Meat & Grocery,55665.0,18191.0,2500.0,B,1414 W Devon Ave,60660,Rogers Park,1,40,17031010600,170310106003008.0,1165598.6391106143,1942654.1537479472,41.9982373871,-87.6661711005,"(41.9982373871, -87.6661711005)"
South Shore Food Market Inc.,2008403.0,349092.0,3000.0,B,7501 S Jeffery Blvd,60649,South Shore,43,8,17031431200,170314312002008.0,1190880.9102572692,1855602.5288156609,41.7587872873,-87.5759934845,"(41.7587872873, -87.5759934845)"
Supermercado El Mexicano,1840895.0,295467.0,4387.0,B,6701 N Clark St,60626,Rogers Park,1,49,17031830600,170318306002009.0,1163903.5084818443,1944589.8191825529,42.0035849743,-87.6723519319,"(42.0035849743, -87.6723519319)"
La Providencia Food Mart,16986.0,6991.0,2572.0,B,1658 W 21St St,60608,Lower West Side,31,25,17031310800,170313108003010.0,1165383.8992395352,1890168.8951614064,41.8542193742,-87.6684581591,"(41.8542193742, -87.6684581591)"
Aldi #79,1515471.0,5273.0,15150.0,A,7800 S South Chicago Ave,60619,Avalon Park,45,5,17031834300,170318343002003.0,1187754.1554187404,1853373.5179388705,41.7527456405,-87.5875234853,"(41.7527456405, -87.5875234853)"
Dominick'S # 86/1086,41625.0,5033.0,10001.0,A,3350 N Western Ave,60618,North Center,5,47,17031843700,170318437001022.0,1159720.9795570998,1922387.081109168,41.9427471952,-87.6883543215,"(41.9427471952, -87.6883543215)"
Family Pride,77270.0,22785.0,12500.0,A,10601 S Pulaski Rd,60655,Mount Greenwood,74,19,17031740200,170317402002010.0,1151594.3062861145,1833996.4798339107,41.7003552742,-87.7205408964,"(41.7003552742, -87.7205408964)"
Aldi Inc #58,13974.0,5273.0,12571.0,A,2431 W Montrose Ave,60618,North Center,5,47,17031050300,170310503001001.0,1159231.7831367336,1929105.8955775984,41.9611940986,-87.6899669704,"(41.9611940986, -87.6899669704)"
Carniceria La Villa #2,2060542.0,357089.0,3289.0,B,5800 W Grand Ave,60639,Belmont Cragin,19,37,17031191302,170311913021021.0,1137365.9008351532,1913858.093208353,41.919774901,-87.7707265258,"(41.919774901, -87.7707265258)"
Treasure Island Foods Inc,1303.0,85291.0,10001.0,A,75 W Elm St,60610,Near North Side,8,42,17031081000,170310810001000.0,1175348.3044341346,1908034.503614065,41.9030261368,-87.6313487722,"(41.9030261368, -87.6313487722)"
Jewel Food Store #3241,1398.0,259.0,24262.0,A,1341 N Paulina St,60622,West Town,24,1,17031241500,170312415002012.0,1164854.8124137202,1909123.544418089,41.9062437031,-87.6698622813,"(41.9062437031, -87.6698622813)"
Whole Foods Market,1933690.0,86298.0,74883.0,A,1550 N Kingsbury St,60642,Near North Side,8,32,17031842200,170318422001017.0,1169422.032999662,1910309.10446923,41.9093987878,-87.6530506979,"(41.9093987878, -87.6530506979)"
Joseph Food Mart,6157.0,62754.0,3000.0,B,8235 W Irving Park Rd,60634,Dunning,17,36,17031170500,170311705003004.0,1120303.8969689277,1925502.4247494664,41.9520185577,-87.8331668434,"(41.9520185577, -87.8331668434)"
Harper Foods,57683.0,18537.0,3300.0,B,1455 E 57Th St,60637,Hyde Park,41,5,17031411100,170314111002000.0,1187084.0793031498,1867457.9945814053,41.7914105694,-87.5895326278,"(41.7914105694, -87.5895326278)"
Potash Bros. Supermarket,164.0,21.0,12000.0,A,1525 N Clark St,60610,Near North Side,8,42,17031080201,170310802012003.0,1175288.471159548,1910618.448108088,41.9101179449,-87.6314908914,"(41.9101179449, -87.6314908914)"
Baltimore Food & Liquor,1446831.0,270755.0,3404.0,B,13322 S Baltimore Ave,60633,Hegewisch,55,10,17031550100,170315501004012.0,1199061.9749984262,1817112.1302290736,41.6529646117,-87.5472986528,"(41.6529646117, -87.5472986528)"
Supermercado Santos,1091886.0,206261.0,4000.0,B,4045 W 31St St,60623,South Lawndale,30,22,17031830500,170318305001001.0,1149716.404899851,1883686.719119906,41.8367499608,-87.7261326568,"(41.8367499608, -87.7261326568)"
Cermak Produce,53313.0,17784.0,10000.0,A,4800 W Diversey Ave,60639,Belmont Cragin,19,31,17031190200,170311902004016.0,1143869.8481677033,1918226.0439909615,41.9316414204,-87.7467199106,"(41.9316414204, -87.7467199106)"
Nickel Liquor & Mini Mart Inc,22084.0,9178.0,10001.0,A,3637 W Division St,60651,Humboldt Park,23,27,17031231200,170312312001002.0,1151779.2427703848,1907710.5383937536,41.9026337556,-87.7179312389,"(41.9026337556, -87.7179312389)"
Trader Joe'S East,1277005.0,211718.0,11600.0,A,1840 N Clybourn Ave,60614,Lincoln Park,7,32,17031832600,170318326002019.0,1168978.244367912,1912136.7918219091,41.9144237141,-87.654627843,"(41.9144237141, -87.654627843)"
Walgreens #162,18419.0,147.0,,A,1554 E 55Th St,60615,Hyde Park,41,4,17031410800,170314000000000.0,1187538.136,1868878.342,41.79529732,-87.58782256,"(41.79529732, -87.58782256)"
"Tony'S Finer Foods Enterprises, Inc.",1717529.0,305203.0,31000.0,A,4137 N Elston Ave,60618,Irving Park,16,39,17031160400,170311604001027.0,1150401.2985076683,1927194.4143455827,41.9561262015,-87.7224828263,"(41.9561262015, -87.7224828263)"
Natural Country Deli,2017781.0,350688.0,3500.0,B,6452 N Milwaukee Ave,60631,Norwood Park,10,41,17031100200,170311002001019.0,1132184.5426018387,1942510.9318083944,41.9984929696,-87.7890953687,"(41.9984929696, -87.7890953687)"
Logan Certified Foods Corp,1046303.0,23391.0,4500.0,B,2857 W Diversey Ave,60647,Logan Square,22,35,17031220400,170312204001003.0,1156600.2971969466,1918436.5314178157,41.93197047,-87.699931619,"(41.93197047, -87.699931619)"
Jewel Food Store #3170,1366.0,259.0,30374.0,A,5320 S Pulaski Rd,60632,West Elsdon,62,23,17031620200,170316202001001.0,1150568.177099948,1868914.951799974,41.7961975914,-87.7233918834,"(41.7961975914, -87.7233918834)"
Mounsef International,21126.0,86704.0,10001.0,A,4738 N Kedzie Ave,60625,Albany Park,14,33,17031140701,170311407011000.0,1154145.7098985217,1931473.0881109957,41.9677930872,-87.7086027049,"(41.9677930872, -87.7086027049)"
El Yunque Food & Liquor,1986802.0,346323.0,2500.0,B,1900 N California Ave,60647,Logan Square,22,35,17031222500,170312225001000.0,1157361.323079915,1912535.095581572,41.9157610232,-87.6972958109,"(41.9157610232, -87.6972958109)"
"Seven Nine Eleven Food Mart, Inc.",2036.0,401.0,4300.0,B,4884 S Archer Ave,60632,Archer Heights,57,14,17031570400,170315704002008.0,1151496.512405212,1871991.2033628856,41.8046211506,-87.7199070655,"(41.8046211506, -87.7199070655)"
A & R Food Mart,9125.0,4227.0,2500.0,B,5952 W Grand Ave,60639,Belmont Cragin,19,37,17031191302,170311913021018.0,1136148.464557395,1914149.526732603,41.9205964582,-87.7751926809,"(41.9205964582, -87.7751926809)"
Grand Food Market,1221783.0,223107.0,3952.0,B,5202 W Grand Ave,60639,Belmont Cragin,19,37,17031191200,170311912002006.0,1141369.1955228336,1912898.1662680104,41.9170677465,-87.7560413324,"(41.9170677465, -87.7560413324)"
Sam Food And Liquor,8745.0,4153.0,3000.0,B,6812 N Sheridan Rd,60626,Rogers Park,1,49,17031010502,170310105022000.0,1166934.708698008,1945473.413405616,42.0059448161,-87.6611747511,"(42.0059448161, -87.6611747511)"
Almuflihi Food & Liquor,62800.0,86373.0,4500.0,B,5404 S Halsted St,60609,New City,61,20,17031612100,170316121001039.0,1171851.2202830324,1868956.5354627836,41.7958707987,-87.6453441182,"(41.7958707987, -87.6453441182)"
Pete'S Meat & Grocery #2,1646096.0,296662.0,7500.0,B,2001 W 71St St,60636,West Englewood,67,17,17031672000,170316720003002.0,1164235.476836242,1857536.3314805245,41.764696121,-87.6735927847,"(41.764696121, -87.6735927847)"
Five Star Certified Inc,7168.0,3771.0,5000.0,B,935 W 87Th St,60620,Auburn Gresham,71,21,17031711400,170317114002006.0,1171458.618363869,1847102.1948860583,41.7359084057,-87.6474228803,"(41.7359084057, -87.6474228803)"
Dominick'S #1703,1574461.0,5033.0,49320.0,A,255 E Grand Ave,60611,Near North Side,8,42,17031081403,170310814031010.0,1178351.1702400555,1903928.0332534548,41.8916898398,-87.6204441348,"(41.8916898398, -87.6204441348)"
Super Mercado El Guerro,7546.0,3857.0,9375.0,B,1701 W 47Th St,60609,New City,61,20,17031611300,170316113003000.0,1165786.5456605123,1873500.5832346492,41.8084712383,-87.6674545133,"(41.8084712383, -87.6674545133)"
Pete'S Fresh Supermarket,1771242.0,312119.0,,A,2526 W Cermak Rd,60608,South Lawndale,30,28,17031840700,170318000000000.0,1159779.467,1889354.072,41.85210065,-87.68905111,"(41.85210065, -87.68905111)"
Chicago Health - Maple Street,2065274.0,357879.0,2900.0,B,22 W Maple St,60610,Near North Side,8,42,17031081100,170310811003002.0,1175919.201631833,1907658.8738939352,41.9019825524,-87.6292631031,"(41.9019825524, -87.6292631031)"
New Pop-In,1719179.0,306063.0,8784.0,B,413 S Kedzie Ave,60612,East Garfield Park,27,28,17031271200,170312712001033.0,1155148.6782666573,1897819.1171161383,41.8754237451,-87.7058203625,"(41.8754237451, -87.7058203625)"
W & R Food & Liquor Inc,19348.0,7922.0,2700.0,B,1717 E 79Th St,60649,South Chicago,46,8,17031460500,170314605007008.0,1189209.3830815733,1852902.615096005,41.7514187003,-87.5822058165,"(41.7514187003, -87.5822058165)"
"Kan-Zaman Mart, Inc.",1119908.0,209575.0,4600.0,B,2005 S Michigan Ave,60616,Near South Side,33,2,17031330100,170313301004046.0,1177567.032426759,1890666.6479502176,41.855317671,-87.6237265152,"(41.855317671, -87.6237265152)"
Z & S Food & Liquor,7382.0,3827.0,6000.0,B,1351 W 87Th St,60620,Auburn Gresham,71,21,17031711400,170317114001000.0,1168619.0560111357,1847024.553591743,41.7357569772,-87.6578282347,"(41.7357569772, -87.6578282347)"
Devon Market,1042888.0,201952.0,18500.0,A,1440 W Devon Ave,60660,Rogers Park,1,40,17031010600,170310106003012.0,1165344.9554057205,1942648.8500748195,41.9982282538,-87.6671044665,"(41.9982282538, -87.6671044665)"
Jewel Food Store #3176,1404.0,259.0,32294.0,A,9400 S Ashland Ave,60620,Washington Heights,73,21,17031730300,170317303001029.0,1167281.2951454776,1842343.8807126728,41.7229412182,-87.6628628713,"(41.7229412182, -87.6628628713)"
Orleans Market,23467.0,9485.0,3002.0,B,316 W Illinois St,60610,Near North Side,8,42,17031081800,170310818002056.0,1174028.5037281606,1903591.666749837,41.8908642852,-87.6363291879,"(41.8908642852, -87.6363291879)"
Caesar'S Foods Inc,13670.0,6312.0,10001.0,A,901 N Damen Ave,60622,West Town,24,32,17031242200,170312422002006.0,1162946.626975658,1906024.2440419935,41.8977792769,-87.6769588663,"(41.8977792769, -87.6769588663)"
Happy Foods,1618660.0,294177.0,11000.0,A,6783 N Northwest Hwy,60631,Edison Park,9,41,17031090200,170310902004007.0,1124182.6943602774,1944613.811204796,42.0043992612,-87.8184857554,"(42.0043992612, -87.8184857554)"
"Way Low Discount Food, Inc.",41036.0,16053.0,2500.0,B,1551 S Kedzie Ave,60623,North Lawndale,29,24,17031843100,170318431001029.0,1155321.4225621962,1892143.5663288,41.8598459614,-87.705338554,"(41.8598459614, -87.705338554)"
Zee Dollar And Food,2014197.0,350114.0,3000.0,B,375 E 75Th St,60619,Greater Grand Crossing,69,6,17031691300,170316913001000.0,1180143.2815005996,1855330.4424091831,41.758293315,-87.6153541087,"(41.758293315, -87.6153541087)"
J R Grocery Store,5644.0,3466.0,10001.0,A,505 E 134Th St,60827,Riverdale,54,9,17031540101,170315401011006.0,1182103.2655995083,1816525.0131739427,41.6517610645,-87.6093666123,"(41.6517610645, -87.6093666123)"
Centro Market,66257.0,20469.0,9100.0,B,5153 S Kedzie Ave,60632,Gage Park,63,14,17031630400,170316304004004.0,1155963.7604456872,1870068.760318221,41.7992570437,-87.7035747066,"(41.7992570437, -87.7035747066)"
Save-A-Lot  #852,1145759.0,216203.0,14166.0,A,7240 S Stony Island Ave,60649,South Shore,43,5,17031430400,170314304002007.0,1188030.8853089483,1857120.9566506508,41.7630223653,-87.5863901619,"(41.7630223653, -87.5863901619)"
"Tony'S Finer Foods Enterprises, Inc.",1717532.0,305203.0,33000.0,A,4608 W Belmont Ave,60641,Portage Park,15,30,17031151002,170311510024000.0,1144945.502930937,1920912.7847870197,41.9389938243,-87.7426989895,"(41.9389938243, -87.7426989895)"
Food 4 Less Midwest #789,1272529.0,251246.0,64486.0,A,4620 S Damen Ave,60609,New City,61,12,17031610300,170316103003015.0,1163694.5483752063,1873920.77923312,41.809668528,-87.6751156964,"(41.809668528, -87.6751156964)"
Adams Food Mart,1817376.0,316090.0,2500.0,B,559 N Laramie Ave,60644,Austin,25,28,17031251600,170312516003011.0,1141632.2601337098,1903412.6519004563,41.8910335471,-87.7553096457,"(41.8910335471, -87.7553096457)"
Dollar & Linen,1875260.0,46290.0,5800.0,B,1853 W 87Th St,60620,Auburn Gresham,71,21,17031711300,170317113001005.0,1165310.5838773092,1846937.633330876,41.7355890742,-87.6699517263,"(41.7355890742, -87.6699517263)"
Aldi Inc Store 14,1242812.0,5273.0,15000.0,A,5629 W Fillmore St,60644,Austin,25,29,17031831400,170318314002056.0,1138888.1602307956,1894751.1917158663,41.8673156479,-87.765597943,"(41.8673156479, -87.765597943)"
Richwell Market,1070189.0,205927.0,7500.0,B,1835 S Canal St,60616,Lower West Side,31,25,17031843200,170318432002008.0,1173469.3263424025,1891121.2873226055,41.8566571782,-87.6387533453,"(41.8566571782, -87.6387533453)"
Walgreens #05034,18768.0,7551.0,,A,6315 S Kedzie Ave,60629,Chicago Lawn,66,15,17031660600,170317000000000.0,1156182.658,1862477.573,41.77842134,-87.70297606,"(41.77842134, -87.70297606)"
Dominick'S # 12/0012,41645.0,5033.0,10001.0,A,6009 N Broadway,60660,Edgewater,77,48,17031030101,170310301011003.0,1167254.1386252292,1940095.8362018457,41.9911817534,-87.6601550832,"(41.9911817534, -87.6601550832)"
Budget Finer Foods,1337515.0,260726.0,3200.0,B,6604 N Sheridan Rd,60626,Rogers Park,1,49,17031010502,170310105021006.0,1167008.167197132,1944300.9984214972,42.0027261067,-87.6609383664,"(42.0027261067, -87.6609383664)"
Discount Pantry Corporation,32952.0,14616.0,3600.0,B,4153 W 63Rd St,60629,West Lawn,65,13,17031650301,170316503013003.0,1149540.4794842748,1862455.9059796464,41.7784929073,-87.727327519,"(41.7784929073, -87.727327519)"
Par Birdie Foods,28222.0,11464.0,6000.0,B,2234 W Devon Ave,60659,West Ridge,2,50,17031020500,170310205002010.0,1160106.8232114485,1942489.4136746884,41.9979009735,-87.6863782179,"(41.9979009735, -87.6863782179)"
Jewel Food Store #3441,1375.0,259.0,22443.0,A,2940 N Ashland Ave,60657,Lake View,6,32,17031062600,170310626001023.0,1165101.0211875795,1919776.9355899843,41.9354720327,-87.6686545431,"(41.9354720327, -87.6686545431)"
Charlies  Supermarket Inc.,1441898.0,268397.0,2500.0,B,2941 W Montrose Ave,60618,Irving Park,16,33,17031160601,170311606012000.0,1155799.62239241,1929051.344380061,41.9611144263,-87.7025869386,"(41.9611144263, -87.7025869386)"
Jewel Food Store #3501,1192909.0,259.0,56010.0,A,3400 N Western Ave,60618,North Center,5,47,17031843700,170318437001018.0,1159734.0013868131,1922547.5902326824,41.9431873732,-87.6883020207,"(41.9431873732, -87.6883020207)"
4343 Petes Fresh Market,1336669.0,260303.0,57000.0,A,4343 S Pulaski Rd,60632,Archer Heights,57,14,17031570100,170315701001015.0,1150447.9257608664,1875370.285543474,41.8139143113,-87.7236649419,"(41.8139143113, -87.7236649419)"
La Feria Grocery,26609.0,11067.0,10001.0,A,9704 S Commercial Ave,60617,South Deering,51,10,17031510100,170315101002033.0,1197784.6295619695,1841132.9778545648,41.7189121563,-87.5511742972,"(41.7189121563, -87.5511742972)"
Potash Bros Inc,19826.0,8018.0,10001.0,A,875 N State St,60610,Near North Side,8,42,17031081201,170310812012003.0,1176242.0995097312,1906530.221240087,41.8988781974,-87.6281111483,"(41.8988781974, -87.6281111483)"
Imperial Tower Market,22624.0,9323.0,6031.0,B,4250 N Marine Dr,60613,Uptown,3,46,17031031400,170310314001001.0,1170946.9174634116,1928768.9097340296,41.960019954,-87.6469060276,"(41.960019954, -87.6469060276)"
Moo & Oink Inc,11915.0,5928.0,21500.0,A,4848 W Madison St,60644,Austin,25,28,17031251800,170312518004015.0,1143906.3902417778,1899620.061642381,41.8805838854,-87.7470529414,"(41.8805838854, -87.7470529414)"
Save-A-Lot #882,2079367.0,216203.0,16290.0,A,344 E 63Rd St,60637,Washington Park,40,20,17031400800,170314008001008.0,1179590.4356351024,1863353.334400643,41.7803216101,-87.6171353804,"(41.7803216101, -87.6171353804)"
Market In The Park,1334026.0,258947.0,5049.0,B,5050 S Lake Shore Dr,60615,Kenwood,39,4,17031390700,170313907003004.0,1189144.3247518237,1871655.5454706573,41.8028797781,-87.5818436939,"(41.8028797781, -87.5818436939)"
Sun Liquors,19461.0,88712.0,4350.0,B,1101 W Granville Ave,60660,Edgewater,77,48,17031030102,170310301022001.0,1167723.7839086289,1941296.2999737784,41.9944657079,-87.6583928132,"(41.9944657079, -87.6583928132)"
Supermercado Chapala,32236.0,86830.0,10001.0,A,7117 N Clark St,60626,Rogers Park,1,49,17031010702,170310107024002.0,1163327.6427636093,1947643.2360857404,42.0119757995,-87.6743840578,"(42.0119757995, -87.6743840578)"
Supermercado Gela'S,67273.0,20695.0,3125.0,B,2701 S Lawndale Ave,60623,South Lawndale,30,22,17031301701,170313017012003.0,1152182.029659277,1885772.1749317604,41.8424245295,-87.7170303155,"(41.8424245295, -87.7170303155)"
Farm Super Market,2017764.0,339512.0,3000.0,B,2255 W Devon Ave,60659,West Ridge,2,50,17031020901,170310209011002.0,1159880.4293296346,1942402.4226755444,41.9976669579,-87.687213456,"(41.9976669579, -87.687213456)"
Aldi Inc #53,13964.0,5273.0,13981.0,A,5775 S Archer Ave,60638,Garfield Ridge,56,23,17031560700,170315607002042.0,1141308.6934481813,1868917.7316582887,41.7963804895,-87.7573475722,"(41.7963804895, -87.7573475722)"
Aldi Inc #64,13976.0,5273.0,11760.0,A,1767 N Milwaukee Ave,60647,West Town,24,32,17031831000,170318310001003.0,1161475.2331590878,1911773.9936050177,41.91358779,-87.6822028354,"(41.91358779, -87.6822028354)"
Eddie & Son Food &Liq.,4146.0,3169.0,2500.0,B,3624 W North Ave,60647,Humboldt Park,23,26,17031230400,170312307001000.0,1151856.6139789422,1910429.2636390035,41.9100926711,-87.7175753532,"(41.9100926711, -87.7175753532)"
La Casa Del Pueblo Inc,31675.0,14392.0,10001.0,A,1810 S Blue Island Ave,60608,Lower West Side,31,25,17031310600,170313106002008.0,1167219.016357534,1891361.4813615351,41.8574527464,-87.6616883311,"(41.8574527464, -87.6616883311)"
Aldi'S,1817903.0,5273.0,15255.0,A,4500 N Broadway,60640,Uptown,3,46,17031830700,170318307004004.0,1168297.690487429,1930121.3669074057,41.9637889643,-87.6566064924,"(41.9637889643, -87.6566064924)"
Fairplay Finer Food,10940.0,86481.0,10001.0,A,2200 S Western Ave,60608,Lower West Side,31,25,17031841300,170318413002001.0,1160669.425627566,1889318.196821948,41.8519838396,-87.6857857042,"(41.8519838396, -87.6857857042)"
Laramie Bakery & Deli,2014141.0,350093.0,12331.0,A,3232 N Harlem Ave,60634,Dunning,17,36,17031170800,170311708001011.0,1127470.2113703247,1920796.0675339887,41.9389859689,-87.8069290648,"(41.9389859689, -87.8069290648)"
B & H Food & Grocery,6068.0,3550.0,4500.0,B,713 S Albany Ave,60612,East Garfield Park,27,28,17031837300,170318373001010.0,1155850.7566169042,1896704.148596631,41.872350043,-87.7032726418,"(41.872350043, -87.7032726418)"
Fruteria El Mercado,21239.0,8832.0,5500.0,B,2759 S Spaulding Ave,60623,South Lawndale,30,22,17031840800,170318408001015.0,1154858.0081655954,1885248.0532689432,41.8409331636,-87.7072241769,"(41.8409331636, -87.7072241769)"
Mandy'S Liquor,17168.0,7030.0,3000.0,B,1957 W Lawrence Ave,60640,Lincoln Square,4,47,17031830800,170318308001003.0,1162346.5151555608,1931848.8466024203,41.9686561373,-87.678438479,"(41.9686561373, -87.678438479)"
Aldi #28,1519765.0,5273.0,15154.0,A,4934 S Kedzie Ave,60632,Brighton Park,58,14,17031630300,170316303002000.0,1155840.3646517831,1871594.2630114884,41.8034457131,-87.7039862718,"(41.8034457131, -87.7039862718)"
The Market Place Foodstore,10794.0,24875.0,16900.0,A,521 W Diversey Pkwy,60614,Lincoln Park,7,43,17031070102,170310701022000.0,1172301.9044249672,1918839.6941741232,41.9327439571,-87.6422188452,"(41.9327439571, -87.6422188452)"
Eddie'S Food Mart,50432.0,17311.0,4500.0,B,1858 W 63Rd St,60636,West Englewood,67,15,17031670600,170316706002016.0,1164782.2873847398,1862921.1125592643,41.7794611564,-87.6714366715,"(41.7794611564, -87.6714366715)"
Riverside Deli,6403.0,3619.0,5500.0,B,1656 W Cortland St,60622,Logan Square,22,32,17031832300,170318323001048.0,1164752.5760843323,1912745.993722222,41.916186115,-87.6701349439,"(41.916186115, -87.6701349439)"
Foodsmart,1474028.0,272175.0,13800.0,A,2901 W Armitage Ave,60647,Logan Square,22,35,17031222500,170312225001004.0,1156800.356169665,1913113.1123978496,41.9173585451,-87.6993410687,"(41.9173585451, -87.6993410687)"
Supermarket & Taqueria Caro,2014104.0,310507.0,4524.0,B,4937 W 47Th St,60638,Garfield Ridge,56,23,17031560300,170315603001003.0,1144086.2047966304,1872974.314261076,41.8074608778,-87.747060571,"(41.8074608778, -87.747060571)"
H & Z Grocery Store,3166.0,2823.0,10001.0,A,3638 W Wrightwood Ave,60647,Logan Square,22,35,17031220702,170312207024010.0,1151510.737706785,1917078.382708844,41.9283452514,-87.7186708995,"(41.9283452514, -87.7186708995)"
Seven Eleven,34710.0,14901.0,3000.0,B,1425 W Montrose Ave,60613,Lake View,6,47,17031060100,170310601001000.0,1165738.538,1929275.819,41.9615238247,-87.6660398556,"(41.9615238247, -87.6660398556)"
Aldi Foods #91,13994.0,5273.0,15565.0,A,3835 W Madison St,60624,West Garfield Park,26,28,17031260800,170312608001000.0,1150675.9209930329,1899694.8096007255,41.8806594115,-87.7221936689,"(41.8806594115, -87.7221936689)"
Aldi'S,1817904.0,5273.0,11179.0,A,6520 W Fullerton Ave,60707,Belmont Cragin,19,36,17031831500,170318315001045.0,1132452.1031463856,1915278.7515644068,41.9237604017,-87.7887477626,"(41.9237604017, -87.7887477626)"
Loreto Grocery,76774.0,22681.0,4499.0,B,4600 S Fairfield Ave,60632,Brighton Park,58,12,17031842800,170318428002005.0,1158768.527537624,1874004.9008791847,41.8100014783,-87.6931813523,"(41.8100014783, -87.6931813523)"
Lux 2 Food & Liquor,1869021.0,322813.0,2500.0,B,7550 S May St,60620,Auburn Gresham,71,17,17031710200,170317102004006.0,1169927.2894665268,1854470.976640345,41.7561626996,-87.6528196032,"(41.7561626996, -87.6528196032)"
Around The Clock,15860.0,6777.0,3000.0,B,1605 W Howard St,60626,Rogers Park,1,49,17031010202,170310102021000.0,1164071.30189687,1950305.4360801177,42.0192651821,-87.6715720734,"(42.0192651821, -87.6715720734)"
County Fair Foods,37096.0,15344.0,10001.0,A,10800 S Western Ave,60643,Morgan Park,75,19,17031750300,170317503001022.0,1162271.3113898507,1832938.987290918,41.6972382088,-87.6814748042,"(41.6972382088, -87.6814748042)"
Lawndale Food Market,39529.0,15829.0,6000.0,B,3705 W 16Th St,60623,North Lawndale,29,24,17031292200,170312922003000.0,1151911.1391990148,1891750.0843996855,41.8588339683,-87.7178671863,"(41.8588339683, -87.7178671863)"
"Hyde Park Produce, Ltd",1884100.0,325993.0,10000.0,A,1226 E 53Rd St,60615,Hyde Park,41,4,17031410700,170314107001003.0,1185427.7053456623,1870419.6697596249,41.7995768022,-87.5955129219,"(41.7995768022, -87.5955129219)"
Khalil Food & Liquor,46846.0,16717.0,3000.0,B,146 W 103Rd St,60628,Roseland,49,9,17031490700,170314907002019.0,1176913.316073054,1836691.1717179476,41.707218139,-87.6277515583,"(41.707218139, -87.6277515583)"
Aldi Foods Store #90B,13992.0,5273.0,15565.0,A,2828 N Central Ave,60634,Belmont Cragin,19,31,17031190402,170311904022031.0,1138506.860747311,1918378.100848121,41.9321576791,-87.7664245988,"(41.9321576791, -87.7664245988)"
Sunrise Food And Liquors,21927.0,9067.0,7000.0,B,3737 W Chicago Ave,60651,Humboldt Park,23,27,17031231500,170312315006001.0,1151180.725291618,1905039.076199378,41.895314759,-87.7201998415,"(41.895314759, -87.7201998415)"
Boulevard Food & Liquor Llc,1931999.0,336958.0,3350.0,B,5922 W Irving Park Rd,60634,Portage Park,15,38,17031150402,170311504022018.0,1136053.0143236292,1926023.849650822,41.9531825896,-87.7752593753,"(41.9531825896, -87.7752593753)"
Save-A-Lot  # 858,1272454.0,216203.0,12000.0,A,2858 E 83Rd St,60617,South Chicago,46,7,17031460302,170314603024017.0,1196917.3210595995,1850533.97189374,41.7447308395,-87.5540391375,"(41.7447308395, -87.5540391375)"
Ada Foods,50473.0,56673.0,4500.0,B,1281 W 71St St,60636,West Englewood,67,17,17031671800,170316718001000.0,1168677.679288068,1857642.9993982152,41.7648941814,-87.6573078048,"(41.7648941814, -87.6573078048)"
The Neighborhood Store,47617.0,16859.0,4200.0,B,8313 S Racine Ave,60620,Auburn Gresham,71,21,17031711000,170317110001007.0,1169811.740030297,1849596.043574734,41.7427877337,-87.6533842508,"(41.7427877337, -87.6533842508)"
"S & K Food & Liquor, Inc.",1544.0,291.0,10001.0,A,7500 S Exchange Ave,60649,South Shore,43,7,17031431302,170314313022001.0,1195140.8124018705,1855715.2977083635,41.7589927618,-87.5603778108,"(41.7589927618, -87.5603778108)"
Am-Pm Food Mart & Cellular,1093813.0,207399.0,3500.0,B,1924 E 87Th St,60617,Avalon Park,45,8,17031450300,170314503003028.0,1190653.5047070954,1847714.111330964,41.7371462539,-87.5770809934,"(41.7371462539, -87.5770809934)"
"Morelia Supermarket, Inc.",1892862.0,243702.0,8000.0,B,7300 N Western Ave,60645,West Ridge,2,50,17031020200,170310202002007.0,1158974.931888644,1948414.8605655308,42.0141839829,-87.6903783498,"(42.0141839829, -87.6903783498)"
Dominicks #2890,2042094.0,5033.0,55129.0,A,5201 N Sheridan Rd,60640,Edgewater,77,48,17031030706,170310307061008.0,1168741.5516419634,1934750.447129666,41.9764816676,-87.6548397772,"(41.9764816676, -87.6548397772)"
Walmart,2164075.0,303471.0,,A,1424 W 47Th St,60609,New City,61,3,17031842600,170318000000000.0,1167548.598,1167550.933,41.80876829,-87.66098821,"(41.80876829, -87.66098821)"
Aldi'S #93,1743165.0,5273.0,16890.0,A,7545 S Western Ave,60620,Ashburn,70,18,17031700100,170317001002053.0,1161731.5742264998,1854361.0761804904,41.756035091,-87.6828583216,"(41.756035091, -87.6828583216)"
Treasure Island Foods,1311.0,85291.0,10001.0,A,3460 N Broadway,60657,Lake View,6,44,17031062000,170310620002000.0,1171266.717875984,1923235.211072692,41.9448282656,-87.6458934884,"(41.9448282656, -87.6458934884)"
Olive Mount Mart,1337266.0,205718.0,3000.0,B,3536 W 63Rd St,60629,Chicago Lawn,66,15,17031660400,170316604003014.0,1153755.8092024382,1862648.9617015244,41.7789401249,-87.7118685723,"(41.7789401249, -87.7118685723)"
Jewel Food Store #3407,1394.0,259.0,19238.0,A,5516 N Clark St,60640,Edgewater,77,40,17031030900,170310309001000.0,1164969.7637174986,1936801.106659389,41.9821898846,-87.668651628,"(41.9821898846, -87.668651628)"
Furteria El Serranito,2031979.0,352794.0,2500.0,B,1755 W 38Th St,60609,Mckinley Park,59,11,17031590700,170315907001015.0,1165040.1969612509,1879467.377051791,41.8248606245,-87.6700230192,"(41.8248606245, -87.6700230192)"
Peoria Packing Ltd,33970.0,14795.0,8000.0,B,1300 W Lake St,60607,Near West Side,28,27,17031833000,170318330002051.0,1167882.5854297176,1901616.9942708253,41.88558042,-87.6589569108,"(41.88558042, -87.6589569108)"
Carniceria Jimenez Inc,1693.0,85292.0,16000.0,A,4204 W North Ave,60639,Humboldt Park,23,30,17031230500,170312306004000.0,1148051.2248360445,1910341.2429574225,41.9099252471,-87.7315572163,"(41.9099252471, -87.7315572163)"
Extra Value Food & Liquor,1823321.0,319024.0,5000.0,B,6257 S Ashland Ave,60636,West Englewood,67,16,17031670800,170316708002029.0,1166789.0790554823,1862992.5862200635,41.7796146658,-87.6640774893,"(41.7796146658, -87.6640774893)"
Goldmore Food,34046.0,14804.0,2500.0,B,1949 W 51St St,60609,New City,61,16,17031611700,170316117003002.0,1164000.6811145658,1870810.754657064,41.8011278091,-87.6740803441,"(41.8011278091, -87.6740803441)"
Solid Gold,1490386.0,203033.0,3300.0,B,3821 W Roosevelt Rd,60624,North Lawndale,29,24,17031838700,170318387001005.0,1151058.508087893,1894398.9495206943,41.866119494,-87.720927574,"(41.866119494, -87.720927574)"
Food 4 Less Midwest,1596210.0,251246.0,62000.0,A,7030 S Ashland Ave,60636,West Englewood,67,17,17031671500,170316715003031.0,1166858.4518661886,1857955.501469681,41.7657907704,-87.6639668865,"(41.7657907704, -87.6639668865)"
Clarendon Food Mart Inc,29515.0,11687.0,10000.0,A,4183 N Clarendon Ave,60613,Uptown,3,46,17031031400,170310314003003.0,1170205.441116325,1928028.6054156309,41.9580048015,-87.6496537356,"(41.9580048015, -87.6496537356)"
Jewel Food Store #3043,1144384.0,259.0,37641.0,A,443 E 34Th St,60616,Douglas,35,4,17031351000,170313510002003.0,1180118.1943590562,1882571.1097821312,41.8330447382,-87.6146113644,"(41.8330447382, -87.6146113644)"
La Plama,22662.0,63389.0,15000.0,A,4173 S Archer Ave,60632,Brighton Park,58,14,17031580501,170315805012012.0,1157347.0558745717,1876755.8258401973,41.8175793077,-87.6983205863,"(41.8175793077, -87.6983205863)"
Super Mas Market,1997806.0,347422.0,32000.0,A,1422 W 47Th St,60609,New City,61,3,17031842600,170318426002060.0,1167499.0144743386,1873621.1325798563,41.8087654583,-87.6611701084,"(41.8087654583, -87.6611701084)"
Carniceria El Porvenir,1768971.0,311076.0,2500.0,B,150 E Kensington Ave,60628,West Pullman,53,9,17031530100,170315301001016.0,1179443.180500097,1828274.07861954,41.684063198,-87.6187429679,"(41.684063198, -87.6187429679)"
Rj Liquors,1597198.0,292263.0,3550.0,B,5640 W Fullerton Ave,60639,Belmont Cragin,19,30,17031190602,170311906022035.0,1138190.0289126371,1915426.6851838848,41.9240644164,-87.7676604864,"(41.9240644164, -87.7676604864)"
Jewel Food Store #3282,1337.0,259.0,24922.0,A,4729 N Central Ave,60630,Portage Park,15,45,17031150300,170311503007003.0,1138185.4404146564,1930999.2249157797,41.966797112,-87.7672994806,"(41.966797112, -87.7672994806)"
Prestige Liquors,1883995.0,325934.0,2900.0,B,7104 S Western Ave,60636,Chicago Lawn,66,18,17031661000,170316610004000.0,1161564.7766862034,1857442.925832278,41.7644955967,-87.6833842675,"(41.7644955967, -87.6833842675)"
"Three Roosters, Inc.",1980803.0,345267.0,4830.0,B,12247 S Halsted St,60628,West Pullman,53,34,17031530501,170315305012020.0,1173256.2444677488,1823452.926244852,41.6709717654,-87.6415330496,"(41.6709717654, -87.6415330496)"
Buy -N- Save,62460.0,19735.0,8000.0,B,209 E 103Rd St,60628,Roseland,49,9,17031490902,170314909022003.0,1179510.2977121803,1836682.4142619637,41.7071353216,-87.6182417299,"(41.7071353216, -87.6182417299)"
A & B Food Market Inc,43181.0,6483.0,10001.0,A,5057 W Division St,60651,Austin,25,37,17031251100,170312511004000.0,1142184.0432471954,1907473.3799980525,41.9021664421,-87.7531823487,"(41.9021664421, -87.7531823487)"
Jewel Food Store #3514,1385.0,259.0,20285.0,A,3531 N Broadway,60657,Lake View,6,46,17031061800,170310618001000.0,1171090.408109389,1923800.9861456568,41.9463846516,-87.6465248633,"(41.9463846516, -87.6465248633)"
Mr G'S Food & Liquor,1429.0,263.0,3000.0,B,332 E 58Th St,60637,Washington Park,40,20,17031400400,170314004002002.0,1179370.5406004891,1866670.718611536,41.7894298575,-87.6178403398,"(41.7894298575, -87.6178403398)"
Aldi Inc Store #90,14008.0,5273.0,16340.0,A,9017 S Halsted St,60620,Auburn Gresham,71,21,17031711500,170317115002037.0,1172597.8112495996,1845066.5303352005,41.7302972736,-87.6433090924,"(41.7302972736, -87.6433090924)"
Supermercado La Villa,1800261.0,313811.0,9000.0,B,5020 W Fullerton Ave,60639,Belmont Cragin,19,31,17031190800,170311908003018.0,1142420.0085831813,1915530.8797561617,41.9242727136,-87.7521150377,"(41.9242727136, -87.7521150377)"
Cermak Produce,1574003.0,286531.0,14000.0,A,4401 W Armitage Ave,60639,Hermosa,20,31,17031831200,170318312002004.0,1146718.753349206,1912886.2094597316,41.9169344398,-87.7363871475,"(41.9169344398, -87.7363871475)"
Melissa'S Food & Liquors Inc,29494.0,11681.0,3500.0,B,3867 W Grand Ave,60651,Humboldt Park,23,27,17031230700,170312307003012.0,1150134.108920061,1908582.763879062,41.9050594546,-87.7239513845,"(41.9050594546, -87.7239513845)"
La Merced Inc,6834.0,3685.0,10001.0,A,4335 W 26Th St,60623,South Lawndale,30,22,17031301801,170313018012007.0,1147980.980711077,1886328.481112944,41.8440327965,-87.7324328647,"(41.8440327965, -87.7324328647)"
J & A Oriental Food Mart,30859.0,8995.0,10001.0,A,5755 W Fullerton Ave,60639,Belmont Cragin,19,37,17031191302,170311913022003.0,1137381.6671338268,1915324.773720406,41.9237993545,-87.7706332364,"(41.9237993545, -87.7706332364)"
West Haven Market & Grill,17558.0,7111.0,3200.0,B,2132 W Washington Blvd,60612,Near West Side,28,2,17031837800,170318378002019.0,1162032.1165760455,1900702.2627747909,41.8831944724,-87.6804664902,"(41.8831944724, -87.6804664902)"
Sahar International Supermarket,2079006.0,263556.0,7900.0,B,4851 N Kedzie Ave,60625,Albany Park,14,33,17031140100,170311401002004.0,1154202.458179647,1932262.279430844,41.9699575396,-87.7083728782,"(41.9699575396, -87.7083728782)"
Walgreens #2073,18619.0,7551.0,,A,5401 S Wentworth Ave,60609,Fuller Park,37,3,17031835600,170318000000000.0,1175923.785,1869122.159,41.79623488,-87.63040492,"(41.79623488, -87.63040492)"
"Park Packing Of Chicago, Inc.",2008956.0,340517.0,3500.0,B,1544 W 41St St,60609,New City,61,11,17031842600,170318426002022.0,1166633.854413612,1877402.1258977633,41.8191594443,-87.6642353554,"(41.8191594443, -87.6642353554)"
"R & S Discount Food, Wine, & Liquor",8647.0,4130.0,2800.0,B,2425 W Diversey Ave,60647,Logan Square,22,1,17031830900,170318309003001.0,1159580.4238182404,1918486.5731815095,41.932046851,-87.6889786863,"(41.932046851, -87.6889786863)"
Cermak Produce #5 Ltd,1649774.0,298958.0,10000.0,A,3435 S Archer Ave,60608,Mckinley Park,59,11,17031840300,170318403002016.0,1163434.4911698306,1881819.83702089,41.8313499001,-87.6758478479,"(41.8313499001, -87.6758478479)"
National Fruit Stop,23627.0,9531.0,3000.0,B,3523 W Lawrence Ave,60625,Albany Park,14,33,17031140701,170311407012002.0,1151894.1866127106,1931625.3434103092,41.9682556374,-87.7168773813,"(41.9682556374, -87.7168773813)"
Dominick'S #160/1698,41689.0,5033.0,72000.0,A,1763 W Howard St,60626,Rogers Park,1,49,17031010202,170310102021001.0,1163123.8579016312,1950306.6460658691,42.0192885501,-87.6750585094,"(42.0192885501, -87.6750585094)"
Jamaica Food & Liquor Inc,22679.0,9341.0,2500.0,B,4252 S Cottage Grove Ave,60653,Grand Boulevard,38,4,17031380100,170313801001032.0,1182280.5445406442,1876753.092635012,41.8170297652,-87.6068579199,"(41.8170297652, -87.6068579199)"
"Carniceria La Mejor Produce, Inc.",1800292.0,313836.0,4500.0,B,2915 N Milwaukee Ave,60618,Avondale,21,35,17031210602,170312106023005.0,1152283.91665166,1919259.219010504,41.9343143994,-87.7157719991,"(41.9343143994, -87.7157719991)"
Whole Foods Market,76395.0,86298.0,30591.0,A,30 W Huron St,60610,Near North Side,8,42,17031081600,170310816002002.0,1175903.1287106676,1905102.7096487123,41.8949686732,-87.6293991787,"(41.8949686732, -87.6293991787)"
Bari,1245246.0,246600.0,2500.0,B,1120 W Grand Ave,60622,West Town,24,27,17031243500,170312435001021.0,1168791.2989530065,1903675.7416113815,41.8912101212,-87.6555602414,"(41.8912101212, -87.6555602414)"
Jewel Food Store #3454,1325.0,259.0,25490.0,A,4250 N Lincoln Ave,60618,North Center,5,47,17031050200,170310502002007.0,1161297.751233976,1928358.5151667956,41.959100433,-87.6823922417,"(41.959100433, -87.6823922417)"
Jolanta'S International Deli,26376.0,10856.0,10001.0,A,5914 W Higgins Ave,60630,Jefferson Park,11,45,17031110400,170311104003013.0,1135703.9578490956,1933167.4320264272,41.9727914969,-87.7763718583,"(41.9727914969, -87.7763718583)"
El Milagro,43513.0,2718.0,5500.0,B,3048 W 26Th St,60623,South Lawndale,30,12,17031300900,170313009001012.0,1156243.443139308,1886626.270993506,41.8446873274,-87.702102936,"(41.8446873274, -87.702102936)"
Harvestime Foods,43697.0,16317.0,8750.0,B,2632 W Lawrence Ave,60625,Lincoln Square,4,40,17031040201,170310402013015.0,1157798.3462350464,1931819.6590417095,41.9686702259,-87.6951627475,"(41.9686702259, -87.6951627475)"
Chicago Grocers,1332221.0,258200.0,2500.0,B,2122 W Devon Ave,60659,West Ridge,2,50,17031020500,170310205001013.0,1160870.3907480354,1942511.562416782,41.9979458853,-87.683568705,"(41.9979458853, -87.683568705)"
Noor Meat,61680.0,19506.0,3000.0,B,2505 W Devon Ave,60659,West Ridge,2,50,17031020802,170310208024002.0,1158430.460832184,1942357.579725035,41.9975738059,-87.6925485988,"(41.9975738059, -87.6925485988)"
Trattoria Isabella,1842843.0,320408.0,3365.0,B,217 N Jefferson St,60661,Near West Side,28,42,17031280100,170312801001026.0,1172322.5414348007,1901912.231989673,41.8862936679,-87.6426439206,"(41.8862936679, -87.6426439206)"
Dollar Deals & Up,1276566.0,252997.0,2500.0,B,2057 N Pulaski Rd,60639,Hermosa,20,30,17031200402,170312004021000.0,1149414.1088377142,1913618.2300782795,41.9188912639,-87.726465315,"(41.9188912639, -87.726465315)"
Save-A-Lot #886,2079232.0,216203.0,13000.0,A,148 W 79Th St,60620,Greater Grand Crossing,69,17,17031691200,170316912002015.0,1176452.4417566173,1852636.2224414565,41.7509837901,-87.6289614545,"(41.7509837901, -87.6289614545)"
L'Appetito,42672.0,16220.0,2900.0,B,875 N Michigan Ave,60611,Near North Side,8,42,17031081300,170310813003001.0,1177367.9363856325,1906565.1382551887,41.8989485417,-87.6239749877,"(41.8989485417, -87.6239749877)"
"Tony'S Finer Foods Enterprises, Inc.",1717867.0,305203.0,21000.0,A,3607 W Fullerton Ave,60647,Logan Square,22,35,17031220902,170312209022000.0,1151897.10854296,1915676.258279831,41.924490094,-87.717288131,"(41.924490094, -87.717288131)"
Jewel Food Store #3139,1356.0,259.0,22295.0,A,3940 E 106Th St,60617,East Side,52,10,17031520400,170315204001013.0,1204247.1335668955,1835323.1839602452,41.7028060951,-87.5277040116,"(41.7028060951, -87.5277040116)"
Save-A-Lot  #859,1272455.0,216203.0,12000.0,A,420 S Pulaski Rd,60624,West Garfield Park,26,24,17031260700,170312607002016.0,1149764.943346514,1897457.3459149937,41.8745373122,-87.7255969017,"(41.8745373122, -87.7255969017)"
Miceli'S Deli & Food Mart,44924.0,16493.0,4000.0,B,2448 S Oakley Ave,60608,Lower West Side,31,25,17031841300,170318413003008.0,1161387.699220223,1887514.8822139432,41.847020464,-87.6831995522,"(41.847020464, -87.6831995522)"
Dominick'S # 130/1130,41657.0,5033.0,10001.0,A,2101 E 71St St,60649,South Shore,43,5,17031430600,170314306001008.0,1191459.6594881737,1858232.4496476045,41.7659900011,-87.5737873367,"(41.7659900011, -87.5737873367)"
Ma'S & Pa'S Grocery Snack Shop,7302.0,3806.0,4500.0,B,804 S California Ave,60612,East Garfield Park,27,2,17031271800,170312718001017.0,1157790.043250908,1896181.8948431031,41.8708776439,-87.6961668842,"(41.8708776439, -87.6961668842)"
Jewel Food Store #3181,1368.0,259.0,30745.0,A,87 W 87Th St,60620,Chatham,44,21,17031842400,170318424002071.0,1177054.4742752898,1847233.7240653532,41.7361451282,-87.626917844,"(41.7361451282, -87.626917844)"
4700 Pete'S Fresh Market,1243125.0,245519.0,45000.0,A,4700 S Kedzie Ave,60632,Brighton Park,58,14,17031842800,170318428004023.0,1155791.9493024794,1873270.7784828772,41.8080472717,-87.7041188223,"(41.8080472717, -87.7041188223)"
La Guerrerense,67114.0,43885.0,3000.0,B,4149 W Armitage Ave,60639,Hermosa,20,30,17031831200,170318312003003.0,1148187.7143638656,1912920.3727141677,41.9170000028,-87.7309892645,"(41.9170000028, -87.7309892645)"
Louis' Groceries,2153429.0,372246.0,,A,7604 S Cottage Grove Ave,60619,Greater Grand Crossing,69,6,17031691400,170317000000000.0,1182841.944,1854717.938,41.75655031,-87.60548285,"(41.75655031, -87.60548285)"
"Szymanski Bros, Inc",18082.0,86677.0,3000.0,B,6016 W Irving Rd,60634,Portage Park,15,38,17031150502,170311505022015.0,1135438.8553791242,1926007.88654451,41.9531497374,-87.7775174877,"(41.9531497374, -87.7775174877)"
Supermercado Guadalajara #2,3991.0,23651.0,6000.0,B,2300 S Kedzie Ave,60623,South Lawndale,30,24,17031300800,170313008001012.0,1155346.7012859406,1888503.802863018,41.8498575327,-87.7053434771,"(41.8498575327, -87.7053434771)"
Jewel Food Store #3455,1380.0,259.0,23660.0,A,4355 N Sheridan Rd,60613,Uptown,3,46,17031032100,170310321001001.0,1168852.2068218014,1929254.3407868976,41.9613977799,-87.6545929748,"(41.9613977799, -87.6545929748)"
Carniceria Del Rio,1801493.0,314238.0,3000.0,B,2714 W Cermak Rd,60608,South Lawndale,30,28,17031840700,170318407003012.0,1158513.930093316,1889320.58980214,41.8520347381,-87.6936969081,"(41.8520347381, -87.6936969081)"
Fiesta Supermarcado,1196305.0,221943.0,14500.0,A,3307 W 63Rd St,60629,Chicago Lawn,66,15,17031660500,170316605001002.0,1155383.105070945,1862616.485060701,41.7788185771,-87.7059035755,"(41.7788185771, -87.7059035755)"
Aldi Inc #83,13990.0,5273.0,16300.0,A,8333 S Cicero Ave,60652,Ashburn,70,18,17031700302,170317003023005.0,1145926.587677359,1848735.591267151,41.7409110654,-87.7409228594,"(41.7409110654, -87.7409228594)"
Wally'S International Market,32288.0,14504.0,10001.0,A,3256 N Milwaukee Ave,60618,Avondale,21,31,17031831100,170318311003024.0,1149524.31975339,1921376.2510854304,41.9401778125,-87.7258584348,"(41.9401778125, -87.7258584348)"
Ziad Certified Foods,9046.0,4213.0,2500.0,B,513 E 47Th St,60653,Grand Boulevard,38,3,17031381200,170313812002015.0,1180538.3289075927,1873929.875312412,41.8093228701,-87.6133355212,"(41.8093228701, -87.6133355212)"
Supermercado El Cubano Inc,57265.0,6678.0,2750.0,B,4939 S Ashland Ave,60609,New City,61,20,17031611200,170316112002009.0,1166552.0704259109,1871797.809610817,41.803782323,-87.6646953279,"(41.803782323, -87.6646953279)"
Fairplay Finer Foods Inc,10949.0,86481.0,10001.0,A,4640 S Halsted St,60609,New City,61,11,17031842600,170318426002035.0,1171712.004883154,1873969.431608145,41.809629768,-87.6457075651,"(41.809629768, -87.6457075651)"
Rite Price Food,1198136.0,222688.0,3600.0,B,5606 W Division St,60651,Austin,25,29,17031250600,170312506002013.0,1138707.8484910156,1907480.8314437731,41.9022506897,-87.7659509238,"(41.9022506897, -87.7659509238)"
Kamdar Plaza Inc,4429.0,3241.0,5500.0,B,2646 W Devon Ave,60659,West Ridge,2,50,17031020602,170310206023014.0,1157317.6151593665,1942403.2483944776,41.9977219015,-87.6966411029,"(41.9977219015, -87.6966411029)"
J & J European Deli,21936.0,63361.0,3000.0,B,5960 W Lawrence Ave,60630,Portage Park,15,45,17031150401,170311504013000.0,1135539.5474557276,1931334.5392015583,41.9677648001,-87.7770202043,"(41.9677648001, -87.7770202043)"
World Fresh Market,1492163.0,21515.0,5500.0,B,2434 W Devon Ave,60659,West Ridge,2,50,17031020602,170310206022013.0,1158782.2726905388,1942449.1789793384,41.997817926,-87.6912518856,"(41.997817926, -87.6912518856)"
City Grocery,1979483.0,344633.0,5000.0,B,405 N Wabash Ave,60611,Near North Side,8,42,17031081500,170310815003007.0,1176706.4590198582,1903103.7595416445,41.8894653288,-87.6265092736,"(41.8894653288, -87.6265092736)"
P & I Food & Liquor Inc.,16647.0,6907.0,3000.0,B,4154 W Division St,60651,Humboldt Park,23,37,17031230600,170312306002011.0,1148216.4487989843,1907711.8754945004,41.9027068139,-87.7310180698,"(41.9027068139, -87.7310180698)"
Danny'S Fresh Market,1888080.0,326926.0,14405.0,A,2140 N Western Ave,60647,Logan Square,22,1,17031221500,170312215001018.0,1159966.2941524496,1914498.8393695615,41.921096268,-87.6876710129,"(41.921096268, -87.6876710129)"
Pete'S Market,36823.0,15303.0,10001.0,A,5724 S Kedzie Ave,60629,Gage Park,63,14,17031630900,170316309001016.0,1155989.471001947,1866372.1648613024,41.789112548,-87.7035797266,"(41.789112548, -87.7035797266)"
"Tony'S Finer Foods Enterprises, Inc.",1717568.0,305203.0,35000.0,A,2500 N Central Ave,60639,Belmont Cragin,19,30,17031190602,170311906022019.0,1138581.761431483,1916095.5957976913,41.9258928802,-87.7662048258,"(41.9258928802, -87.7662048258)"
Happy Foods,1618656.0,294177.0,11500.0,A,6415 N Central Ave,60646,Forest Glen,12,45,17031120200,170311202002015.0,1139158.1573933284,1942325.6373831013,41.9978600139,-87.7634457986,"(41.9978600139, -87.7634457986)"
Dominick'S Finer Foods - Store # 2775,1820382.0,5033.0,54963.0,A,2021 W Chicago Ave,60622,West Town,24,1,17031243000,170312430001000.0,1162687.5443539885,1905295.5903337188,41.8957852296,-87.6779308926,"(41.8957852296, -87.6779308926)"
Aldi'S #47,1619769.0,5273.0,16370.0,A,1508 W 47Th St,60609,New City,61,3,17031842600,170318426002057.0,1167024.2971637463,1873608.6531364345,41.8087413884,-87.6629116285,"(41.8087413884, -87.6629116285)"
Awami Bazaar & Zabiha Meat,68226.0,20954.0,2500.0,B,2340 W Devon Ave,60659,West Ridge,2,50,17031020500,170310205002005.0,1159376.8219060244,1942466.6780109804,41.9978536894,-87.6890642657,"(41.9978536894, -87.6890642657)"
Makola African Supermarket #2,2008279.0,279945.0,3500.0,B,4501 N Sheridan Rd,60640,Uptown,3,46,17031031502,170310315022003.0,1168837.7591313403,1930075.0973980776,41.9636502775,-87.6546221904,"(41.9636502775, -87.6546221904)"
Aldi #30,1547427.0,5273.0,15154.0,A,3030 S Kedzie Ave,60623,South Lawndale,30,12,17031840800,170318408002012.0,1155473.098211975,1884225.253422961,41.8381141517,-87.7049944648,"(41.8381141517, -87.7049944648)"
Laxi Liquor,47780.0,11112.0,3200.0,B,6922 W Grand Ave,60707,Montclare,18,36,17031831600,170318316002012.0,1129750.3958213264,1915232.7057123547,41.9236807003,-87.7986761286,"(41.9236807003, -87.7986761286)"
"Eddie'S Sunshine Food & Liquor,  Inc.",24217.0,63476.0,3000.0,B,10806 S Michigan Ave,60628,Roseland,49,9,17031490901,170314909012011.0,1178782.207447601,1833280.9974206788,41.6978179235,-87.6210110036,"(41.6978179235, -87.6210110036)"
"Super Dollar And Up 4, Inc.",1597521.0,291475.0,4000.0,B,1604 W 59Th St,60636,West Englewood,67,15,670300,170316703001011.0,1166621.8027281603,1865628.9070289768,41.7868526305,-87.6646155793,"(41.7868526305, -87.6646155793)"
Central Park Foods Inc,13813.0,6373.0,8000.0,B,3604 W Grand Ave,60651,Humboldt Park,23,26,17031231200,170312312001000.0,1152082.8628620578,1907654.3816119872,41.9024736738,-87.7168174653,"(41.9024736738, -87.7168174653)"
New La Estrella Foods Inc.,2003267.0,348383.0,5800.0,B,3003 W 63Rd St,60629,Chicago Lawn,66,15,17031660600,170316606005000.0,1157424.7681192728,1862672.6416905024,41.7789315569,-87.6984170935,"(41.7789315569, -87.6984170935)"
Steve Food & Liquor,47965.0,11529.0,3500.0,B,6058 S Racine Ave,60636,West Englewood,67,16,17031670900,170316709001004.0,1169324.2958758222,1864367.9045050936,41.7833341838,-87.6547432794,"(41.7833341838, -87.6547432794)"
"Krakus Deli,  Inc",1222467.0,229704.0,3500.0,B,5155 W Addison St,60641,Portage Park,15,38,17031151001,170311510011000.0,1141134.008920079,1923401.7895809817,41.9458951009,-87.7566458523,"(41.9458951009, -87.7566458523)"
Mlb Food,1884977.0,326392.0,2500.0,B,613 E 67Th St,60637,Woodlawn,42,20,17031421200,170314212001005.0,1181543.403280431,1860685.4807421395,41.7729559039,-87.6100578109,"(41.7729559039, -87.6100578109)"
Aldi'S Foods Belmont,1975886.0,5273.0,18600.0,A,3320 W Belmont Ave,60618,Avondale,21,35,17031831100,170318311001026.0,1153595.9276697107,1921123.8987191117,41.9394051879,-87.7109005918,"(41.9394051879, -87.7109005918)"
Berbate Fruit Market,1646036.0,296646.0,2500.0,B,3956 N Narragansett Ave,60634,Dunning,17,38,17031170300,170311703001000.0,1132942.4846033207,1925839.4396579529,41.9527315616,-87.7866984426,"(41.9527315616, -87.7866984426)"
Hegewisch Fruit Market Inc.,2020869.0,350864.0,7800.0,B,13209 S Baltimore Ave,60633,Hegewisch,55,10,17031550100,170315501006033.0,1199136.3596458067,1817923.262421893,41.6551885903,-87.5469994185,"(41.6551885903, -87.5469994185)"
Fresh Buy Foods Inc,23640.0,9535.0,26000.0,A,6319 S Vernon Ave,60637,Woodlawn,42,20,17031420700,170314207005004.0,1180379.1641090557,1863120.50899498,41.7796646515,-87.6142509361,"(41.7796646515, -87.6142509361)"
Gaytan Grocery Store,85044.0,81586.0,3500.0,B,2802 S Kolin Ave,60623,South Lawndale,30,22,17031301801,170313018011003.0,1147806.7621309962,1884970.125243476,41.8403086304,-87.733107059,"(41.8403086304, -87.733107059)"
Northwest Food & Liquor,1119636.0,209419.0,3180.0,B,5170 W North Ave,60639,Austin,25,37,17031250200,170312502001025.0,1141540.822233765,1910183.3773895188,41.9096148952,-87.7554779679,"(41.9096148952, -87.7554779679)"
Tai Wah Grocery,28038.0,63654.0,3200.0,B,2226 S Wentworth Ave,60616,Armour Square,34,25,17031841100,170318411004018.0,1175283.352865585,1889485.208198296,41.8521271977,-87.6321439957,"(41.8521271977, -87.6321439957)"
Aldi,1922075.0,5273.0,16615.0,A,6621 S Cottage Grove Ave,60637,Woodlawn,42,5,17031420800,170314208002008.0,1182742.139286115,1861187.5499171095,41.7743058812,-87.6056480253,"(41.7743058812, -87.6056480253)"
"Rich'S Deli & Liquor, Inc",16735.0,6920.0,3400.0,B,857 N Western Ave,60622,West Town,24,32,17031242400,170312424002016.0,1160284.9873089418,1905888.0401877048,41.8974609845,-87.6867385577,"(41.8974609845, -87.6867385577)"
Walgreens # 06297,1248924.0,147.0,,A,6016 W 63Rd St,60638,Clearing,64,23,17031640300,170316000000000.0,1137276.865,1862177.824,41.77795816,-87.7722942,"(41.77795816, -87.7722942)"
Treasure Island Foods,1319.0,85291.0,10001.0,A,680 N Lake Shore Dr,60611,Near North Side,8,42,17031081401,170310814012011.0,1179588.0364358306,1905071.1706646793,41.8947983703,-87.6158666457,"(41.8947983703, -87.6158666457)"
Discount Meat Company,13820.0,6377.0,4160.0,B,339 W 79Th St,60620,Chatham,44,17,17031842400,170318424002003.0,1175247.3682053008,1852518.3935411572,41.7506874405,-87.6333809292,"(41.7506874405, -87.6333809292)"
Oriental Asia Market Inc.,1903198.0,330517.0,7500.0,B,4932 N Sheridan Rd,60640,Uptown,3,46,17031031200,170310312004004.0,1168693.6301710368,1933319.419052548,41.9725559281,-87.6550576698,"(41.9725559281, -87.6550576698)"
Viet Hoa Plaza,10540.0,85532.0,6174.0,B,1051 W Argyle St,60640,Uptown,3,48,17031031200,170310312002000.0,1168165.7555058014,1933540.4916084788,41.9731740098,-87.6569923349,"(41.9731740098, -87.6569923349)"
Polonia Food Mart,6455.0,3630.0,10001.0,A,1956 W Armitage Ave,60622,Logan Square,22,32,17031832300,170318323001065.0,1162748.6020481898,1913344.4894302904,41.9178707156,-87.6774806152,"(41.9178707156, -87.6774806152)"
Aldi Inc #10,14002.0,5273.0,15540.0,A,4501 S Pulaski Rd,60632,Archer Heights,57,14,17031570100,170315701001024.0,1150478.9061905383,1874473.0413310053,41.8114515422,-87.7235746544,"(41.8114515422, -87.7235746544)"
One Stop,2032029.0,352811.0,2500.0,B,4401 W Madison St,60624,West Garfield Park,26,28,17031260500,170312605001000.0,1147026.5918903935,1899610.8155546752,41.8804994508,-87.735595961,"(41.8804994508, -87.735595961)"
El Barrio Grocery,42681.0,16221.0,10001.0,A,3938 W North Ave,60647,Humboldt Park,23,30,17031230400,170312307004007.0,1149716.5197041433,1910383.157131507,41.9100080401,-87.7254384633,"(41.9100080401, -87.7254384633)"
Aaray Grocery,1900.0,62541.0,10001.0,A,2601 N Halsted St,60614,Lincoln Park,7,43,17031070200,170310702001009.0,1170536.070565063,1917537.595760828,41.929209817,-87.648746265,"(41.929209817, -87.648746265)"
Broadway Supermarket,50737.0,17352.0,15000.0,A,4879 N Broadway,60640,Uptown,3,48,17031031200,170310312002005.0,1167467.569308169,1932805.1043853988,41.9711711808,-87.659580975,"(41.9711711808, -87.659580975)"
Foodsmart,46295.0,16644.0,3500.0,B,3415 W Diversey Ave,60647,Logan Square,22,35,17031220602,170312206025000.0,1153071.521264848,1918367.838200328,41.9318527752,-87.7129012497,"(41.9318527752, -87.7129012497)"
Safah Food & Liquor Inc,14103.0,6462.0,3000.0,B,7105 S Racine Ave,60636,Englewood,68,17,17031681400,170316814002001.0,1169589.6794896775,1857650.9933907853,41.7648964002,-87.6539648335,"(41.7648964002, -87.6539648335)"
Morgan Food Corp Llc,1270949.0,250439.0,3500.0,B,6600 S Morgan St,60621,Englewood,68,17,17031681000,170316810003009.0,1170741.1720107044,1861024.5986259223,41.7741289538,-87.6496459973,"(41.7741289538, -87.6496459973)"
The Produce Center,44723.0,16464.0,12000.0,A,5820 N Milwaukee Ave,60646,Norwood Park,10,45,17031100100,170311001002047.0,1135086.8091526828,1938439.5468456636,41.9872696368,-87.7785157048,"(41.9872696368, -87.7785157048)"
Dominicks #2889,2042084.0,5033.0,48735.0,A,5233 N Lincoln Ave,60625,Lincoln Square,4,40,17031040202,170310402022002.0,1158559.9659015764,1934822.6932261963,41.9768950984,-87.6922796678,"(41.9768950984, -87.6922796678)"
Walgreens #226,18468.0,147.0,,A,4005 W 26Th St,60623,South Lawndale,30,22,17031301802,170313000000000.0,1150066.399,1886383.94,41.84414469,-87.72477825,"(41.84414469, -87.72477825)"
Aldi Inc.#94,14010.0,5273.0,10001.0,A,6025 S Western Ave,60636,Chicago Lawn,66,16,17031835000,170318350001001.0,1161445.944633789,1864537.2371817017,41.7839658423,-87.6836233778,"(41.7839658423, -87.6836233778)"
Joe'S Food And Liquor Depot,1575140.0,286898.0,4000.0,B,5834 W Fullerton Ave,60639,Belmont Cragin,19,30,17031190602,170311906023021.0,1136930.5826542045,1915391.9580350104,41.9239918266,-87.7722891067,"(41.9239918266, -87.7722891067)"
Treasure Island Foods,1315.0,85291.0,10001.0,A,2121 N Clybourn Ave,60614,Lincoln Park,7,43,17031832500,170318325002021.0,1167009.0043373122,1914116.864097325,41.919899684,-87.6618055364,"(41.919899684, -87.6618055364)"
Jewel Food Store #3296,1392.0,259.0,29421.0,A,7342 W Foster Ave,60656,Norwood Park,10,41,17031100500,170311005002003.0,1126189.3171740803,1933745.7768729983,41.9745429477,-87.8113468842,"(41.9745429477, -87.8113468842)"
Three R Food,1943396.0,339315.0,3000.0,B,2712 W Montrose Ave,60618,Albany Park,14,33,17031140800,170311408002016.0,1157408.3941064144,1929156.723525272,41.961370945,-87.6966693474,"(41.961370945, -87.6966693474)"
Cermak Produce,1476657.0,273150.0,15000.0,A,1711 W Cermak Rd,60608,Lower West Side,31,25,17031843200,170318432002043.0,1165248.8668543329,1889420.2405128144,41.8521678636,-87.6689750407,"(41.8521678636, -87.6689750407)"
Puerto Rico Food & Liquors,2033049.0,353309.0,2500.0,B,2559 W Augusta Blvd,60622,West Town,24,26,17031242500,170312425002002.0,1158919.056747579,1906519.38109683,41.8992215766,-87.6917381162,"(41.8992215766, -87.6917381162)"
Carniceria La Azteca,1354069.0,262231.0,2500.0,B,7067 N Clark St,60626,Rogers Park,1,49,17031010702,170310107021002.0,1163376.5213784971,1947274.5019283611,42.0109629527,-87.6742146577,"(42.0109629527, -87.6742146577)"
Whole Foods Market,1678048.0,86298.0,19740.0,A,3640 N Halsted St,60613,Lake View,6,44,17031061000,170310610001009.0,1170228.5559185883,1924572.201800388,41.948519803,-87.6496701249,"(41.948519803, -87.6496701249)"
Hong Kong Market,1892499.0,64229.0,46300.0,A,520 W 24Th Pl,60616,Armour Square,34,25,17031841100,170318411003017.0,1172894.1385008283,1888048.2113696104,41.8482371659,-87.6409555275,"(41.8482371659, -87.6409555275)"
Walgreens #2923,18551.0,147.0,,A,6330 S Dr Martin Luther King Jr Dr,60637,Greater Grand Crossing,69,20,17031842500,170318000000000.0,1179971.443,1862983.346,41.77929761,-87.61574988,"(41.77929761, -87.61574988)"
Jewel Food Store #3030,1000572.0,259.0,31951.0,A,7530 S Stony Island Ave,60649,South Shore,43,5,17031834200,170318342004016.0,1188080.651961138,1855220.3186104624,41.7578056585,-87.586268258,"(41.7578056585, -87.586268258)"
Cermak Produce No.4,69608.0,21223.0,17000.0,A,2701 W North Ave,60647,West Town,24,26,17031241000,170312410002000.0,1158110.2173899557,1910489.4150159997,41.9101322404,-87.6946003939,"(41.9101322404, -87.6946003939)"
Rainbow Finer Food & Liquor,9138.0,4236.0,3500.0,B,6316 S Ashland Ave,60636,West Englewood,67,16,17031671200,170316712001000.0,1166715.9827140924,1862739.7476557067,41.7789224055,-87.6643526811,"(41.7789224055, -87.6643526811)"
Munchies On Larrabee,2073925.0,210118.0,2500.0,B,1012 N Larrabee St,60610,Near North Side,8,27,17031842200,170318422001074.0,1172113.341730195,1907214.704195268,41.9008485875,-87.6432555365,"(41.9008485875, -87.6432555365)"
Aldi Inc Store #95,14011.0,5273.0,37000.0,A,2333 E 95Th St,60617,South Deering,51,7,17031510300,170315103001005.0,1193541.8033401624,1842389.9894724449,41.722466242,-87.5666730521,"(41.722466242, -87.5666730521)"
Mi Mexico Grocery,1494240.0,277614.0,2600.0,B,2601 W 59Th St,60629,Chicago Lawn,66,16,17031835000,170318350005001.0,1160033.9340359569,1865405.028793724,41.7863763432,-87.688776514,"(41.7863763432, -87.688776514)"
Aldi Foods Store #30,14000.0,5273.0,14860.0,A,4030 W Wrightwood Ave,60639,Logan Square,22,31,17031220702,170312207022005.0,1148929.3174837828,1917009.9500627303,41.9282078544,-87.728158558,"(41.9282078544, -87.728158558)"
Key Food Liquor,17551.0,7109.0,3800.0,B,13355 S Indiana Ave,60827,Riverdale,54,9,17031540101,170315401012014.0,1179993.5943226696,1816584.5557612395,41.6519728186,-87.6170837363,"(41.6519728186, -87.6170837363)"
Europa Galleria Inc,1299537.0,253902.0,6500.0,B,340 W Superior St,60610,Near North Side,8,42,17031081800,170310818002018.0,1173771.5733286294,1905338.2646616227,41.8956627719,-87.637220715,"(41.8956627719, -87.637220715)"
Personal Liquors Inc,8913.0,4189.0,6000.0,B,4241 W Madison St,60624,West Garfield Park,26,28,17031260600,170312606001000.0,1147946.9192404214,1899631.7285353527,41.8805391992,-87.7322160373,"(41.8805391992, -87.7322160373)"
Save-A-Lot   #856,1222884.0,216203.0,12000.0,A,5555 W North Ave,60639,Austin,25,37,17031250700,170312507004001.0,1138898.6455569188,1910041.7056745512,41.9092745667,-87.765187785,"(41.9092745667, -87.765187785)"
Gilmart'S  Food & Liquor,22715.0,9350.0,10001.0,A,5044 S Archer Ave,60632,Archer Heights,57,14,17031570300,170315703002016.0,1149831.6750960744,1870805.5673226255,41.8014000331,-87.7260437419,"(41.8014000331, -87.7260437419)"
Anar Inc,31219.0,14297.0,10001.0,A,935 E 79Th St,60619,Chatham,44,8,17031440101,170314401011006.0,1183972.0905254784,1852784.3138003484,41.7512179339,-87.6014014102,"(41.7512179339, -87.6014014102)"
Clybourn Market,40522.0,15968.0,3500.0,B,2807 N Clybourn Ave,60618,North Center,5,1,17031051400,170310514002008.0,1162477.1804368603,1918702.5181403288,41.9325791837,-87.678327456,"(41.9325791837, -87.678327456)"
Serrelli'S Foods,6981.0,62794.0,4000.0,B,6454 W North Ave,60707,Austin,25,36,17031250500,170312505002029.0,1132926.40115027,1909986.632481189,41.909229895,-87.7871288207,"(41.909229895, -87.7871288207)"
Food 4 Less,1928152.0,251246.0,63506.0,A,112 W 87Th St,60620,Chatham,44,21,17031842400,170318424002040.0,1176892.3652144854,1847318.0013730056,41.7363800456,-87.627509219,"(41.7363800456, -87.627509219)"
Dominick'S #153/2153,41678.0,5033.0,68000.0,A,424 W Division St,60610,Near North Side,8,27,17031080400,170310804002003.0,1173143.8849041462,1908329.1807673164,41.9038839611,-87.6394372016,"(41.9038839611, -87.6394372016)"
Super Jim'S,37540.0,33441.0,4500.0,B,5147 W Division St,60651,Austin,25,37,17031251100,170312511004002.0,1141624.102055953,1907462.5959686877,41.9021472222,-87.7552393884,"(41.9021472222, -87.7552393884)"
Aldi Foods -Store #04,13988.0,5273.0,12500.0,A,800 N Kedzie Ave,60651,Humboldt Park,23,27,17031836600,170318366001013.0,1154853.9364104243,1905175.1424146097,41.8956153135,-87.7067053251,"(41.8956153135, -87.7067053251)"
A & G Liquors,44373.0,35423.0,4800.0,B,6945 S State St,60637,Greater Grand Crossing,69,6,17031690400,170316904003005.0,1177546.7151574378,1858784.7080415017,41.7678312792,-87.6247659397,"(41.7678312792, -87.6247659397)"
Busy Bee Supermarket,1974525.0,343785.0,2500.0,B,5659 S Ashland Ave,60636,West Englewood,67,16,17031670200,170316702001016.0,1166685.2921777351,1866951.2767541348,41.7904800194,-87.6643450657,"(41.7904800194, -87.6643450657)"
Luciano'S Grocery-18Th St,1380524.0,265429.0,6000.0,B,1714 W 18Th St,60608,Lower West Side,31,25,17031310800,170313108001010.0,1165111.722796189,1891492.252209515,41.8578565675,-87.6694195956,"(41.8578565675, -87.6694195956)"
Crespo'S Food Mart,40132.0,15902.0,2800.0,B,4353 W Madison St,60624,West Garfield Park,26,28,17031260600,170312606001001.0,1147155.4164315425,1899613.733546351,41.880504995,-87.7351228503,"(41.880504995, -87.7351228503)"
Armitage Produce Inc,1771323.0,4469.0,14340.0,A,2007 N Kimball Ave,60647,Logan Square,22,35,17031221100,170312211002029.0,1153421.1387810074,1913162.671747725,41.9175624189,-87.7117551087,"(41.9175624189, -87.7117551087)"
Rodriguez Fruits & Vegetable,18231.0,7487.0,2626.0,B,2458 S St Louis Ave,60623,South Lawndale,30,22,17031300700,170313007003004.0,1153392.176528934,1887204.0526751836,41.8463298609,-87.7125513997,"(41.8463298609, -87.7125513997)"
Jewel Food Store #3368,1226337.0,259.0,31600.0,A,550 N State St,60610,Near North Side,8,42,17031081600,170310816001003.0,1176227.7531051838,1904177.0736727233,41.8924213661,-87.6282348711,"(41.8924213661, -87.6282348711)"
Jewel Food Store #3721,1225534.0,259.0,49513.0,A,6107 S Archer Ave,60638,Garfield Ridge,56,23,17031560800,170315608002027.0,1137719.7299707269,1868155.8003845508,41.7943548532,-87.7705271521,"(41.7943548532, -87.7705271521)"
Supermercado La Chiqutia # 4,49303.0,89325.0,10001.0,A,2623 S Pulaski Rd,60623,South Lawndale,30,22,17031301701,170313017013005.0,1150175.895202942,1886162.497239797,41.8435348913,-87.7243821794,"(41.8435348913, -87.7243821794)"
International Supermarket Inc,16712.0,6917.0,7500.0,B,4556 S Ashland Ave,60609,New City,61,3,17031610400,170316104001000.0,1166403.2942998728,1874268.6180732348,41.8105656774,-87.6651705169,"(41.8105656774, -87.6651705169)"
West Lawn Foods,1591726.0,289367.0,17000.0,A,5838 S Pulaski Rd,60629,West Elsdon,62,13,17031620300,170316203002019.0,1150664.380573105,1865421.2288227445,41.7866084095,-87.7231300289,"(41.7866084095, -87.7231300289)"
"La Nueva Imagen Grocery, Inc.",1804216.0,315282.0,3000.0,B,2459 S Millard Ave,60623,South Lawndale,30,22,17031300600,170313006002001.0,1152475.4010279817,1887185.506832549,41.8462971046,-87.7159164295,"(41.8462971046, -87.7159164295)"
S & T Provision Co Inc,12173.0,6018.0,10001.0,A,3804 W 111Th St,60655,Mount Greenwood,74,19,17031740300,170317403001022.0,1152946.9129033936,1830759.5198749772,41.6914459103,-87.7156731039,"(41.6914459103, -87.7156731039)"
Parkshore Market Ltd,26464.0,10858.0,2860.0,B,195 N Harbor Dr,60601,Loop,32,42,17031320100,170313201004007.0,1179687.020546456,1901930.2536645876,41.8861772806,-87.6155996011,"(41.8861772806, -87.6155996011)"
Carniceria Guanajuato,2069477.0,358374.0,9325.0,B,5250 W Fullerton Ave,60639,Belmont Cragin,19,31,17031190702,170311907023020.0,1140756.180063072,1915489.208034782,41.9241891458,-87.7582297412,"(41.9241891458, -87.7582297412)"
Jardan Food & Liquor,11226.0,5270.0,9500.0,B,317 E Garfield Blvd,60637,Washington Park,40,3,17031400400,170314004001003.0,1179170.1946088122,1868452.9110248592,41.7943249341,-87.6185206053,"(41.7943249341, -87.6185206053)"
Los Cuatro Hermanos Grocery,7790.0,62837.0,10001.0,A,1858 S Allport St,60608,Lower West Side,31,25,17031310600,170313106002002.0,1168296.854135198,1890914.2210547028,41.8562022212,-87.6577449724,"(41.8562022212, -87.6577449724)"
Eddy'S Food Mart,1879269.0,324962.0,4000.0,B,7575 N Rogers Ave,60626,Rogers Park,1,49,17031010300,170310103002005.0,1164934.279479344,1950275.4783167357,42.019164625,-87.668397288,"(42.019164625, -87.668397288)"
Mayfair Market Place,1948869.0,340165.0,12000.0,A,4728 N Pulaski Rd,60630,Albany Park,14,39,140500,170311405001000.0,1148831.9524721669,1931243.1098496097,41.9672666701,-87.7281470478,"(41.9672666701, -87.7281470478)"
The Unit,2021618.0,351168.0,3500.0,B,2523 E 75Th St,60649,South Shore,43,7,17031431302,170314313022003.0,1194459.428615965,1855683.5137392976,41.7589223174,-87.5628760391,"(41.7589223174, -87.5628760391)"
Moroleon Foods #2 Inc.,1801622.0,314329.0,3025.0,B,4257 S Rockwell St,60632,Brighton Park,58,12,17031580700,170315807003005.0,1159787.496931104,1876115.0553754636,41.8157711158,-87.6893858973,"(41.8157711158, -87.6893858973)"
Supermercado Guerrero,2042000.0,354339.0,3800.0,B,3100 W Cermak Rd,60623,South Lawndale,30,24,17031841700,170318417001009.0,1156013.4881838674,1889256.0464354453,41.8519083675,-87.702875989,"(41.8519083675, -87.702875989)"
Stop & Go Food Mart,26776.0,11123.0,3250.0,B,1622 W Monterey Ave,60643,Morgan Park,75,34,17031750600,170317506004009.0,1167414.1208496818,1830185.843068351,41.6895747692,-87.6627231456,"(41.6895747692, -87.6627231456)"
Aldi Inc #92,13996.0,5273.0,19410.0,A,620 W 63Rd St,60621,Englewood,68,16,17031680900,170316809004003.0,1173102.9040376288,1863153.8616640216,41.7799200473,-87.6409255107,"(41.7799200473, -87.6409255107)"
First Choice Market,1969290.0,342952.0,10000.0,A,3019 E 91St St,60617,South Chicago,46,10,17031461000,170314610001014.0,1197964.0966857816,1845167.180878188,41.7299778712,-87.5503825944,"(41.7299778712, -87.5503825944)"
Kordian'S Market,28114.0,11448.0,4610.0,B,6332 W Higgins Ave,60630,Jefferson Park,11,45,17031110300,170311103002023.0,1132925.716275297,1934312.9608035104,41.9759840467,-87.7865613104,"(41.9759840467, -87.7865613104)"
"Dominick'S Finer Foods, Inc. #1695",41682.0,5033.0,26819.0,A,959 W Fullerton Ave,60614,Lincoln Park,7,43,17031071100,170310711002000.0,1169257.2758050784,1916091.024655496,41.9252682757,-87.6534875641,"(41.9252682757, -87.6534875641)"
Aldi Inc #06,13978.0,5273.0,14000.0,A,5001 N Pulaski Rd,60630,Albany Park,14,39,17031140302,170311403023005.0,1148863.367013644,1932961.418985363,41.9719812207,-87.7279868979,"(41.9719812207, -87.7279868979)"
All Star Food & Liquor,1922124.0,319069.0,4200.0,B,2911 S Archer Ave,60608,Bridgeport,60,11,17031600700,170316007001000.0,1168263.5667718935,1885550.3656843523,41.8414840391,-87.6580219776,"(41.8414840391, -87.6580219776)"
Shop Wise Food,1334440.0,259101.0,6000.0,B,316 W 103Rd St,60628,Roseland,49,9,17031490700,170314907003028.0,1175916.5515061072,1836666.9231696047,41.7071739515,-87.6314024214,"(41.7071739515, -87.6314024214)"
"H & A Food Market, Inc.",1379268.0,217567.0,2500.0,B,1007 W 63Rd St,60621,Englewood,68,16,17031681000,170316810004004.0,1170635.733917174,1863004.589298344,41.7795645849,-87.6499748357,"(41.7795645849, -87.6499748357)"
Gemelos Food/ Check Cashing Services,1045757.0,203580.0,6600.0,B,4300 S Mozart St,60632,Brighton Park,58,14,17031580502,170315805023027.0,1158040.5491916377,1875978.450834643,41.815432001,-87.69579779,"(41.815432001, -87.69579779)"
Aldi #32,1975885.0,5273.0,16924.0,A,1840 N Clybourn Ave,60614,Lincoln Park,7,32,17031832600,170318326002019.0,1168978.244367912,1912136.7918219091,41.9144237141,-87.654627843,"(41.9144237141, -87.654627843)"
Superior Nut & Candy  Co.I Inc.,1122087.0,26728.0,10005.0,A,1111 W 40Th St,60609,New City,61,11,17031842600,170318426002016.0,1169479.083339986,1878079.6963200865,41.820957494,-87.6537783218,"(41.820957494, -87.6537783218)"
La Perla Tapatia Bakery,1698.0,85292.0,3000.0,B,4214 W North Ave,60639,Humboldt Park,23,30,17031230500,170312306004000.0,1147938.5380890097,1910338.4508784628,41.909919754,-87.731971257,"(41.909919754, -87.731971257)"
"Rio Grande Fruit Market, Inc.",1042285.0,201574.0,3750.0,B,3501 W North Ave,60647,Humboldt Park,23,26,17031230800,170312308001000.0,1152725.3573921344,1910369.2044691923,41.9099107051,-87.7143855102,"(41.9099107051, -87.7143855102)"
Miara'S Cont'L Pastry Deli Inc,10400.0,4623.0,5000.0,B,7051 W Addison St,60634,Dunning,17,36,17031171000,170311710005004.0,1128545.078028991,1923079.5091850553,41.9452338231,-87.8029266385,"(41.9452338231, -87.8029266385)"
J And P Finer Foods,1567.0,299.0,4500.0,B,3501 W Montrose Ave,60618,Irving Park,16,33,17031160501,170311605012002.0,1152248.064583996,1928979.61591476,41.9609885935,-87.7156463163,"(41.9609885935, -87.7156463163)"
Neil'S Food,1998505.0,221849.0,3500.0,B,7749 S Halsted St,60620,Auburn Gresham,71,17,17031710100,170317101001007.0,1172356.9491783085,1853275.989279964,41.7528304183,-87.6439505248,"(41.7528304183, -87.6439505248)"
Chicago Food Corp,1169745.0,11429.0,10000.0,A,5800 N Pulaski Rd,60646,North Park,13,39,17031130200,170311302001009.0,1148643.5223882992,1938042.3883606028,41.9859279924,-87.7286634185,"(41.9859279924, -87.7286634185)"
Jewel Food Store #3443,1323.0,259.0,25356.0,A,5343 N Broadway,60640,Edgewater,77,48,17031030703,170310307031001.0,1167382.7587465665,1935813.5422321209,41.9794282549,-87.6598058547,"(41.9794282549, -87.6598058547)"
Jewel Food Store #3470,1382.0,259.0,24815.0,A,3570 N Elston Ave,60618,Avondale,21,35,17031831100,170318311001001.0,1154304.8135324095,1923553.3427549696,41.946057604,-87.7082301098,"(41.946057604, -87.7082301098)"
5659 W. Diversey,1575023.0,277375.0,4000.0,B,5659 W Diversey Ave,60639,Belmont Cragin,19,30,17031190602,170311906022001.0,1137914.0810304238,1918001.6539807497,41.9311354035,-87.7686121306,"(41.9311354035, -87.7686121306)"
Macias Produce Inc.,1648017.0,297549.0,7000.0,B,8933 S Commercial Ave,60617,South Chicago,46,10,17031833900,170318339001015.0,1197739.2800366837,1846169.3798441205,41.7327335949,-87.5511727836,"(41.7327335949, -87.5511727836)"
Dililah Grocery,1986580.0,346168.0,3125.0,B,1759 W 21St St,60608,Lower West Side,31,25,17031310800,170313108003012.0,1164727.486820388,1890072.172587837,41.8539678804,-87.6708701882,"(41.8539678804, -87.6708701882)"
Dominick'S # 304/2304,41617.0,5033.0,10001.0,A,2550 N Clybourn Ave,60614,Lincoln Park,7,32,17031070700,170310707002005.0,1163869.571255447,1916997.6875486716,41.9278717231,-87.6732588146,"(41.9278717231, -87.6732588146)"
Outlet Kingdom,2054475.0,356046.0,4000.0,B,3449 S Halsted St,60608,Bridgeport,60,11,17031839700,170318397002011.0,1171577.6413118422,1881783.378874928,41.8310749437,-87.6459711122,"(41.8310749437, -87.6459711122)"
La International,57700.0,18542.0,3000.0,B,4301 S Archer Ave,60632,Brighton Park,58,14,17031580502,170315805021004.0,1156338.8461360813,1875918.037278842,41.8153006937,-87.7020416008,"(41.8153006937, -87.7020416008)"
Pete'S Produce,1448266.0,271341.0,10000.0,A,1411 W 87Th St,60620,Auburn Gresham,71,21,17031711400,170317114001001.0,1168376.3215049591,1847018.230873328,41.7357448514,-87.6587177057,"(41.7357448514, -87.6587177057)"
"Calma Optimal Deli, Inc.",1991322.0,346718.0,3000.0,B,5155 W Addison St,60641,Portage Park,15,38,17031151001,170311510011000.0,1141134.008920079,1923401.7895809817,41.9458951009,-87.7566458523,"(41.9458951009, -87.7566458523)"
Harbor Market,44759.0,16473.0,4200.0,B,155 N Harbor Dr,60601,Loop,32,42,17031320100,170313201004020.0,1179690.182993199,1901410.3393839337,41.8847505385,-87.6156039565,"(41.8847505385, -87.6156039565)"
"Sweqi Food Mart, Inc.",2055024.0,356315.0,2600.0,B,4100 W North Ave,60639,Humboldt Park,23,30,17031230500,170312306001001.0,1148781.2363983027,1910359.362500272,41.9099608832,-87.7288749604,"(41.9099608832, -87.7288749604)"
Wally'S Market Inc,72825.0,21938.0,33000.0,A,6601 W Irving Park Rd,60634,Dunning,17,38,17031170300,170311703001003.0,1131673.8913741312,1925827.773722738,41.9527216579,-87.7913622126,"(41.9527216579, -87.7913622126)"
Saveway Food,1594450.0,290756.0,3000.0,B,313 E 43Rd St,60653,Grand Boulevard,38,3,17031835800,170318358001004.0,1178918.696193015,1876526.8703099575,41.8164863247,-87.6191968314,"(41.8164863247, -87.6191968314)"
Carniceria&Fruteria El Mitote,49322.0,17160.0,4500.0,B,4459 W Belmont Ave,60641,Hermosa,20,31,17031200100,170312001003000.0,1145834.3147029574,1920855.4036383205,41.9388195147,-87.7394338028,"(41.9388195147, -87.7394338028)"
Lemen Sun Corp.,28022.0,11427.0,3600.0,B,2832 S Wentworth Ave,60616,Armour Square,34,11,17031340400,170313404001020.0,1175376.922301567,1885651.26918079,41.8416044818,-87.6319155034,"(41.8416044818, -87.6319155034)"
Super Dollar Discount,2032403.0,353027.0,3500.0,B,4801 S Ashland Ave,60609,New City,61,20,17031611200,170316112002007.0,1166523.007693916,1872858.6184143529,41.8066939242,-87.6647716526,"(41.8066939242, -87.6647716526)"
Save-A-Lot  #862,1353496.0,216203.0,14800.0,A,4701 S Cottage Grove Ave,60615,Kenwood,39,4,17031390400,170313904002002.0,1182423.8619622332,1874006.3789493395,41.8094892465,-87.6064174294,"(41.8094892465, -87.6064174294)"
Treasure Island Foods,1307.0,85291.0,10001.0,A,1639 N Wells St,60614,Lincoln Park,7,43,17031071500,170310715005003.0,1174435.9795041713,1911410.982674308,41.9123117952,-87.6345988555,"(41.9123117952, -87.6345988555)"
"Ogies Food, Inc",26972.0,11210.0,10001.0,A,2600 W Lithuanian Plaza Ct,60629,Chicago Lawn,66,15,17031660900,170316609003018.0,1160212.8691382485,1858843.1115837249,41.7683658358,-87.6883009077,"(41.7683658358, -87.6883009077)"
Supermercado El Guero #10 Inc,39978.0,10046.0,10001.0,A,4023 S Archer Ave,60632,Brighton Park,58,12,17031580600,170315806002005.0,1158673.0725754036,1877860.2682912191,41.8205830407,-87.693426166,"(41.8205830407, -87.693426166)"
Trader Joe'S,1991799.0,211718.0,15000.0,A,3745 N Lincoln Ave,60613,North Center,5,47,17031050600,170310506002002.0,1163151.3751743084,1925042.0942621625,41.9499611711,-87.6756711293,"(41.9499611711, -87.6756711293)"
Dominick'S,1969836.0,5033.0,59488.0,A,6623 N Damen Ave,60645,West Ridge,2,50,17031020500,170310205003006.0,1161793.53830752,1944077.4209980017,42.0022233751,-87.680128828,"(42.0022233751, -87.680128828)"
Aldi'S #08,1743166.0,5273.0,16890.0,A,7333 S State St,60619,Greater Grand Crossing,69,6,17031691000,170316910003005.0,1177594.9036083014,1856252.2602475984,41.760880872,-87.6246657846,"(41.760880872, -87.6246657846)"
Aldi,1959623.0,5273.0,15680.0,A,6221 N Broadway,60660,Edgewater,77,49,17031030103,170310301031003.0,1167209.183883622,1941564.0231915617,41.9952114602,-87.6602779929,"(41.9952114602, -87.6602779929)"
Fairplay Foods Inc,10947.0,86481.0,18500.0,A,2323 W 111Th St,60643,Morgan Park,75,19,17031750500,170317505001002.0,1162749.7570969034,1830916.8666691575,41.691679204,-87.6797791725,"(41.691679204, -87.6797791725)"
Hilltop Liquors Mart,788.0,148.0,3200.0,B,10259 S Michigan Ave,60628,Roseland,49,9,17031490800,170314908005007.0,1179014.4573692612,1836719.3542895487,41.7072479748,-87.620056364,"(41.7072479748, -87.620056364)"
Big Apple Finer Foods Inc,4900.0,3297.0,9000.0,B,2345 N Clark St,60614,Lincoln Park,7,43,17031071400,170310714003003.0,1172948.7056671935,1916010.4922481,41.9249661791,-87.639926019,"(41.9249661791, -87.639926019)"
Avenue Food Mar Inc,1246771.0,20727.0,18000.0,A,6850 W Belmont Ave,60634,Dunning,17,36,17031171000,170311710003022.0,1129966.4805599726,1920538.7303918144,41.938237376,-87.7977603483,"(41.938237376, -87.7977603483)"
Fresh Farms International,30144.0,12018.0,9500.0,B,2626 W Devon Ave,60659,West Ridge,2,50,17031020602,170310206023013.0,1157511.1764635018,1942409.7931918472,41.9977359091,-87.6959288805,"(41.9977359091, -87.6959288805)"
Lake View Foods Inc,2055.0,408.0,3100.0,B,4106 N Sheridan Rd,60613,Uptown,3,46,17031032100,170310321003005.0,1168818.567016207,1927666.0915580725,41.9570402995,-87.6547628922,"(41.9570402995, -87.6547628922)"
The Cellar,1574603.0,286737.0,5000.0,B,3106 N Harlem Ave,60634,Dunning,17,36,17031170900,170311709001018.0,1127497.707449469,1919931.538671479,41.9366131328,-87.8068475211,"(41.9366131328, -87.8068475211)"
Mariano'S Fresh Market #8507,2163771.0,360006.0,,A,5353 N Elston Ave,60630,Jefferson Park,11,45,17031110100,170311000000000.0,1140915.424,1935358.818,41.97871026,-87.75715377,"(41.97871026, -87.75715377)"
Rainbow Grocery,61801.0,19562.0,2500.0,B,2003 W 69Th St,60636,West Englewood,67,17,17031671500,170316715002005.0,1164163.508986039,1858859.406037007,41.7683283348,-87.673819384,"(41.7683283348, -87.673819384)"
"Carniceria La Hacienda, Inc.",1492826.0,276948.0,4000.0,B,3459 W 59Th St,60629,Chicago Lawn,66,16,17031660400,170316604004000.0,1154081.8181969763,1865232.9119324528,41.786024401,-87.7106047774,"(41.786024401, -87.7106047774)"
Cicero Deli Inc.,20884.0,8639.0,3600.0,B,3206 N Cicero Ave,60641,Portage Park,15,30,17031151002,170311510024009.0,1143769.2028091776,1920923.9679310492,41.93904667,-87.7470219655,"(41.93904667, -87.7470219655)"
K Buena,1999075.0,65396.0,3500.0,B,4322 W Marquette Rd,60629,West Lawn,65,13,17031650301,170316503012017.0,1148569.6566135706,1859858.282165421,41.7713833198,-87.7309533689,"(41.7713833198, -87.7309533689)"
Jewel Food Store #3210,1333.0,259.0,23845.0,A,1210 N Clark St,60610,Near North Side,8,42,17031080202,170310802021001.0,1175275.3228902228,1908485.4625083096,41.9042652283,-87.6316032946,"(41.9042652283, -87.6316032946)"
Nancy Foods Inc,79959.0,23327.0,2500.0,B,12315 S State St,60628,West Pullman,53,9,17031530600,170315306002026.0,1178520.7479500766,1823233.6333488051,41.6702523999,-87.6222719562,"(41.6702523999, -87.6222719562)"
Windy City Inc,24289.0,9833.0,4225.0,B,324 S Cicero Ave,60644,Austin,25,24,17031252202,170312522025003.0,1144408.8929469842,1897932.7840747123,41.8759443554,-87.7452502275,"(41.8759443554, -87.7452502275)"
One Stop Food & Liquor Store,1094.0,205.0,58000.0,A,4301 S Lake Park Ave,60653,Kenwood,39,4,17031390100,170313901001006.0,1184507.886319853,1876712.039424123,41.8168651481,-87.5986888442,"(41.8168651481, -87.5986888442)"
D & A Food & Liquor,46444.0,7945.0,5500.0,B,1601 W Garfield Blvd,60636,West Englewood,67,15,17031670300,170316703002005.0,1166596.81632756,1868070.9267543333,41.793554363,-87.6646375512,"(41.793554363, -87.6646375512)"
Ultra Foods,1741082.0,308026.0,87600.0,A,3250 W 87Th St,60652,Ashburn,70,18,17031700402,170317004023025.0,1156151.7756444376,1846754.0407316657,41.7352740895,-87.7035112835,"(41.7352740895, -87.7035112835)"
Pete'S Fresh Supermarket,1771242.0,312119.0,75000.0,A,2526 W Cermak Rd,60608,South Lawndale,30,28,17031840700,170318407003019.0,1159779.466918107,1889354.0715093752,41.8521006532,-87.6890511106,"(41.8521006532, -87.6890511106)"
Carniceria Guanajuato #3,2060960.0,357299.0,9000.0,B,3132 N California Ave,60618,Avondale,21,33,17031210800,170312108001001.0,1157122.7839310614,1920845.3084348957,41.9385697153,-87.6979459455,"(41.9385697153, -87.6979459455)"
Mini Mercado La Betania,33473.0,3205.0,2640.0,B,2800 S Tripp Ave,60623,South Lawndale,30,22,17031301803,170313018033002.0,1148469.2529375516,1885006.7985961472,41.8403965367,-87.7306750125,"(41.8403965367, -87.7306750125)"
Jerusalem Liquors,440.0,80.0,4500.0,B,3133 W Lawrence Ave,60625,Albany Park,14,33,17031140800,170311408005007.0,1154472.8354969018,1931680.140722451,41.9683547002,-87.7073943249,"(41.9683547002, -87.7073943249)"
Walgreens # 05192,1144217.0,147.0,,A,2924 E 92Nd St,60617,South Chicago,46,7,17031461000,170315000000000.0,1197293.218,1844562.952,41.72833654,-87.55286024,"(41.72833654, -87.55286024)"
Jewel Food Store #3114,1388.0,259.0,20860.0,A,3128 W 103Rd St,60655,Mount Greenwood,74,19,17031740100,170317401001002.0,1157251.3653392585,1836208.3927967616,41.7063128446,-87.6997671192,"(41.7063128446, -87.6997671192)"
Walgreens #11410,1959845.0,7551.0,,A,1627 N Pulaski Rd,60639,Humboldt Park,23,30,17031230400,170312000000000.0,1149504.572,1910639.095,41.91071448,-87.72621042,"(41.91071448, -87.72621042)"
Tierra Caliente Market,1769425.0,311388.0,3125.0,B,1402 N Ashland Ave,60622,West Town,24,1,17031241500,170312415002014.0,1165430.1932639398,1909440.7182879397,41.9071018181,-87.6677396553,"(41.9071018181, -87.6677396553)"
Quality Food On 71 St Inc,76481.0,22614.0,3000.0,B,2557 W 71St St,60629,Chicago Lawn,66,18,17031661000,170316610004004.0,1160309.1338794366,1857439.3315155609,41.7645116769,-87.687986655,"(41.7645116769, -87.687986655)"
Jewel Food Store #3302,1402.0,259.0,25431.0,A,3644 S Archer Ave,60609,Mckinley Park,59,11,17031590500,170315905001037.0,1161644.3847891467,1880433.810744691,41.8275838968,-87.6824544425,"(41.8275838968, -87.6824544425)"
Cermak Produce,1770942.0,311980.0,17000.0,A,3311 W 26Th St,60623,South Lawndale,30,22,17031840800,170318408001003.0,1154665.2718672096,1886497.89361504,41.8443667287,-87.7078980538,"(41.8443667287, -87.7078980538)"
